climate,image_file,image_path,rank_in_image,hex,r,g,b,hue_deg,hue_bucket,sat_pct,val_pct,lightness_pct,temp_bin,is_neutral_low_sat,percent_in_image,pixel_count
brazil,A-GD1.jpeg,images_brazil/A-GD1.jpeg,1,#D86134,216,97,52,16.46,orange,75.93,84.71,52.55,warm,False,23.6517,29151
brazil,A-GD1.jpeg,images_brazil/A-GD1.jpeg,2,#EBF187,235,241,135,63.4,yellow,43.98,94.51,73.73,warm,False,21.8522,26933
brazil,A-GD1.jpeg,images_brazil/A-GD1.jpeg,3,#699DC9,105,157,201,207.5,cyan-blue,47.76,78.82,60.0,cool,False,12.6904,15641
brazil,A-GD1.jpeg,images_brazil/A-GD1.jpeg,4,#E2F0E0,226,240,224,112.5,green,6.67,94.12,90.98,neutral,True,11.9715,14755
brazil,A-GD1.jpeg,images_brazil/A-GD1.jpeg,5,#708848,112,136,72,82.5,yellow-green,47.06,53.33,40.78,warm,False,7.7468,9548
brazil,A-GD1.jpeg,images_brazil/A-GD1.jpeg,6,#E8B7A6,232,183,166,15.45,orange,28.45,90.98,78.04,warm,False,7.7119,9505
brazil,A-GD1.jpeg,images_brazil/A-GD1.jpeg,7,#1B1B14,27,27,20,60.0,yellow,25.93,10.59,9.22,warm,False,6.2377,7688
brazil,A-GD1.jpeg,images_brazil/A-GD1.jpeg,8,#591B19,89,27,25,1.88,red,71.91,34.9,22.35,warm,False,4.2848,5281
brazil,A-GD1.jpeg,images_brazil/A-GD1.jpeg,9,#041149,4,17,73,228.7,blue,94.52,28.63,15.1,cool,False,3.8531,4749
brazil,A-GD10.jpeg,images_brazil/A-GD10.jpeg,1,#BDAD96,189,173,150,35.38,orange,20.63,74.12,66.47,warm,False,42.7196,84865
brazil,A-GD10.jpeg,images_brazil/A-GD10.jpeg,2,#732C33,115,44,51,354.08,red,61.74,45.1,31.18,warm,False,27.8602,55346
brazil,A-GD10.jpeg,images_brazil/A-GD10.jpeg,3,#737C7E,115,124,126,190.91,cyan,8.73,49.41,47.25,neutral,True,26.7155,53072
brazil,A-GD10.jpeg,images_brazil/A-GD10.jpeg,4,#403542,64,53,66,290.77,purple,19.7,25.88,23.33,cool,False,2.7047,5373
brazil,A-GD11.jpeg,images_brazil/A-GD11.jpeg,1,#DEA646,222,166,70,37.89,orange,68.47,87.06,57.25,warm,False,42.4441,84398
brazil,A-GD11.jpeg,images_brazil/A-GD11.jpeg,2,#BB3315,187,51,21,10.84,red,88.77,73.33,40.78,warm,False,22.3003,44343
brazil,A-GD11.jpeg,images_brazil/A-GD11.jpeg,3,#425B29,66,91,41,90.0,yellow-green,54.95,35.69,25.88,cool,False,20.9545,41667
brazil,A-GD11.jpeg,images_brazil/A-GD11.jpeg,4,#348D6D,52,141,109,158.43,green-cyan,63.12,55.29,37.84,cool,False,7.9564,15821
brazil,A-GD11.jpeg,images_brazil/A-GD11.jpeg,5,#574018,87,64,24,38.1,orange,72.41,34.12,21.76,warm,False,4.2883,8527
brazil,A-GD11.jpeg,images_brazil/A-GD11.jpeg,6,#FDFDFC,253,253,252,60.0,yellow,0.4,99.22,99.02,neutral,True,2.0564,4089
brazil,A-GD12.jpeg,images_brazil/A-GD12.jpeg,1,#437040,67,112,64,116.25,green,42.86,43.92,34.51,cool,False,35.9313,68059
brazil,A-GD12.jpeg,images_brazil/A-GD12.jpeg,2,#BBA06A,187,160,106,40.0,orange,43.32,73.33,57.45,warm,False,32.8904,62299
brazil,A-GD12.jpeg,images_brazil/A-GD12.jpeg,3,#D8BF13,216,191,19,52.39,yellow,91.2,84.71,46.08,warm,False,22.7259,43046
brazil,A-GD12.jpeg,images_brazil/A-GD12.jpeg,4,#EB601B,235,96,27,19.9,orange,88.51,92.16,51.37,warm,False,7.7597,14698
brazil,A-GD12.jpeg,images_brazil/A-GD12.jpeg,5,#FDFCEF,253,252,239,55.71,yellow,5.53,99.22,96.47,neutral,True,0.6927,1312
brazil,A-GD13.jpeg,images_brazil/A-GD13.jpeg,1,#ECD69D,236,214,157,43.29,orange,33.47,92.55,77.06,warm,False,47.6142,94448
brazil,A-GD13.jpeg,images_brazil/A-GD13.jpeg,2,#3B4517,59,69,23,73.04,yellow,66.67,27.06,18.04,warm,False,19.8048,39285
brazil,A-GD13.jpeg,images_brazil/A-GD13.jpeg,3,#C19818,193,152,24,45.44,yellow,87.56,75.69,42.55,warm,False,17.998,35701
brazil,A-GD13.jpeg,images_brazil/A-GD13.jpeg,4,#F44708,244,71,8,16.02,orange,96.72,95.69,49.41,warm,False,14.583,28927
brazil,A-GD14.jpeg,images_brazil/A-GD14.jpeg,1,#5F8AB1,95,138,177,208.54,cyan-blue,46.33,69.41,53.33,cool,False,46.9344,93254
brazil,A-GD14.jpeg,images_brazil/A-GD14.jpeg,2,#ECDB39,236,219,57,54.3,yellow,75.85,92.55,57.45,warm,False,16.9304,33639
brazil,A-GD14.jpeg,images_brazil/A-GD14.jpeg,3,#B0312E,176,49,46,1.38,red,73.86,69.02,43.53,warm,False,12.9408,25712
brazil,A-GD14.jpeg,images_brazil/A-GD14.jpeg,4,#636D1F,99,109,31,67.69,yellow,71.56,42.75,27.45,warm,False,12.7133,25260
brazil,A-GD14.jpeg,images_brazil/A-GD14.jpeg,5,#5A6F51,90,111,81,102.0,yellow-green,27.03,43.53,37.65,cool,False,5.8347,11593
brazil,A-GD14.jpeg,images_brazil/A-GD14.jpeg,6,#6B948D,107,148,141,169.76,cyan,27.7,58.04,50.0,cool,False,3.2785,6514
brazil,A-GD14.jpeg,images_brazil/A-GD14.jpeg,7,#241F21,36,31,33,336.0,magenta,13.89,14.12,13.14,warm,False,1.368,2718
brazil,A-GD15.jpeg,images_brazil/A-GD15.jpeg,1,#CDA31B,205,163,27,45.84,yellow,86.83,80.39,45.49,warm,False,41.8171,83173
brazil,A-GD15.jpeg,images_brazil/A-GD15.jpeg,2,#CDC6BA,205,198,186,37.89,orange,9.27,80.39,76.67,neutral,True,17.7765,35357
brazil,A-GD15.jpeg,images_brazil/A-GD15.jpeg,3,#112D6C,17,45,108,221.54,cyan-blue,84.26,42.35,24.51,cool,False,14.045,27935
brazil,A-GD15.jpeg,images_brazil/A-GD15.jpeg,4,#1B321A,27,50,26,117.5,green,48.0,19.61,14.9,cool,False,12.2264,24318
brazil,A-GD15.jpeg,images_brazil/A-GD15.jpeg,5,#2F0A30,47,10,48,298.42,purple,79.17,18.82,11.37,cool,False,3.3932,6749
brazil,A-GD15.jpeg,images_brazil/A-GD15.jpeg,6,#CA531B,202,83,27,19.2,orange,86.63,79.22,44.9,warm,False,2.992,5951
brazil,A-GD15.jpeg,images_brazil/A-GD15.jpeg,7,#C77E6A,199,126,106,12.9,red,46.73,78.04,59.8,warm,False,2.5883,5148
brazil,A-GD15.jpeg,images_brazil/A-GD15.jpeg,8,#8A2848,138,40,72,340.41,magenta,71.01,54.12,34.9,warm,False,2.4752,4923
brazil,A-GD15.jpeg,images_brazil/A-GD15.jpeg,9,#0F2A34,15,42,52,196.22,cyan-blue,71.15,20.39,13.14,cool,False,1.4304,2845
brazil,A-GD15.jpeg,images_brazil/A-GD15.jpeg,10,#717B6F,113,123,111,110.0,green,9.76,48.24,45.88,neutral,True,1.2559,2498
brazil,A-GD16.jpeg,images_brazil/A-GD16.jpeg,1,#DCBA86,220,186,134,36.28,orange,39.09,86.27,69.41,warm,False,57.2127,113573
brazil,A-GD16.jpeg,images_brazil/A-GD16.jpeg,2,#67413B,103,65,59,8.18,red,42.72,40.39,31.76,warm,False,39.7013,78811
brazil,A-GD16.jpeg,images_brazil/A-GD16.jpeg,3,#E5A435,229,164,53,37.84,orange,76.86,89.8,55.29,warm,False,3.086,6126
brazil,A-GD17.jpeg,images_brazil/A-GD17.jpeg,1,#567E74,86,126,116,165.0,cyan,31.75,49.41,41.57,cool,False,34.354,68638
brazil,A-GD17.jpeg,images_brazil/A-GD17.jpeg,2,#315D25,49,93,37,107.14,green,60.22,36.47,25.49,cool,False,24.0075,47966
brazil,A-GD17.jpeg,images_brazil/A-GD17.jpeg,3,#1F3226,31,50,38,142.11,green-cyan,38.0,19.61,15.88,cool,False,17.8692,35702
brazil,A-GD17.jpeg,images_brazil/A-GD17.jpeg,4,#96A1A3,150,161,163,189.23,cyan,7.98,63.92,61.37,neutral,True,13.3461,26665
brazil,A-GD17.jpeg,images_brazil/A-GD17.jpeg,5,#90851C,144,133,28,54.31,yellow,80.56,56.47,33.73,warm,False,8.8225,17627
brazil,A-GD17.jpeg,images_brazil/A-GD17.jpeg,6,#969B6B,150,155,107,66.25,yellow,30.97,60.78,51.37,warm,False,1.6006,3198
brazil,A-GD18.jpeg,images_brazil/A-GD18.jpeg,1,#E9D896,233,216,150,47.71,yellow,35.62,91.37,75.1,warm,False,54.7929,108874
brazil,A-GD18.jpeg,images_brazil/A-GD18.jpeg,2,#F04E1F,240,78,31,13.49,red,87.08,94.12,53.14,warm,False,28.399,56429
brazil,A-GD18.jpeg,images_brazil/A-GD18.jpeg,3,#474E37,71,78,55,78.26,yellow-green,29.49,30.59,26.08,warm,False,13.7886,27398
brazil,A-GD18.jpeg,images_brazil/A-GD18.jpeg,4,#F5B946,245,185,70,39.43,orange,71.43,96.08,61.76,warm,False,3.0196,6000
brazil,A-GD19.jpeg,images_brazil/A-GD19.jpeg,1,#E5D208,229,210,8,54.84,yellow,96.51,89.8,46.47,warm,False,52.3652,103970
brazil,A-GD19.jpeg,images_brazil/A-GD19.jpeg,2,#048DAA,4,141,170,190.48,cyan,97.65,66.67,34.12,cool,False,24.4747,48594
brazil,A-GD19.jpeg,images_brazil/A-GD19.jpeg,3,#E3E4CD,227,228,205,62.61,yellow,10.09,89.41,84.9,neutral,True,9.3892,18642
brazil,A-GD19.jpeg,images_brazil/A-GD19.jpeg,4,#199439,25,148,57,135.61,green-cyan,83.11,58.04,33.92,cool,False,5.2949,10513
brazil,A-GD19.jpeg,images_brazil/A-GD19.jpeg,5,#C05E20,192,94,32,23.25,orange,83.33,75.29,43.92,warm,False,4.7923,9515
brazil,A-GD19.jpeg,images_brazil/A-GD19.jpeg,6,#95CD88,149,205,136,108.7,green,33.66,80.39,66.86,cool,False,1.652,3280
brazil,A-GD19.jpeg,images_brazil/A-GD19.jpeg,7,#EFDC68,239,220,104,51.56,yellow,56.49,93.73,67.25,warm,False,1.2002,2383
brazil,A-GD19.jpeg,images_brazil/A-GD19.jpeg,8,#787A34,120,122,52,61.71,yellow,57.38,47.84,34.12,warm,False,0.8315,1651
brazil,A-GD2.jpeg,images_brazil/A-GD2.jpeg,1,#092E7B,9,46,123,220.53,cyan-blue,92.68,48.24,25.88,cool,False,48.2101,95736
brazil,A-GD2.jpeg,images_brazil/A-GD2.jpeg,2,#F2DF31,242,223,49,54.09,yellow,79.75,94.9,57.06,warm,False,29.4056,58394
brazil,A-GD2.jpeg,images_brazil/A-GD2.jpeg,3,#C5281B,197,40,27,4.59,red,86.29,77.25,43.92,warm,False,10.15,20156
brazil,A-GD2.jpeg,images_brazil/A-GD2.jpeg,4,#270715,39,7,21,333.75,magenta,82.05,15.29,9.02,warm,False,3.7607,7468
brazil,A-GD2.jpeg,images_brazil/A-GD2.jpeg,5,#3E3E21,62,62,33,60.0,yellow,46.77,24.31,18.63,warm,False,3.3739,6700
brazil,A-GD2.jpeg,images_brazil/A-GD2.jpeg,6,#B25912,178,89,18,26.62,orange,89.89,69.8,38.43,warm,False,2.822,5604
brazil,A-GD2.jpeg,images_brazil/A-GD2.jpeg,7,#C1CFA6,193,207,166,80.49,yellow-green,19.81,81.18,73.14,warm,False,2.2777,4523
brazil,A-GD20.jpeg,images_brazil/A-GD20.jpeg,1,#BF8D79,191,141,121,17.14,orange,36.65,74.9,61.18,warm,False,45.9929,91743
brazil,A-GD20.jpeg,images_brazil/A-GD20.jpeg,2,#354D50,53,77,80,186.67,cyan,33.75,31.37,26.08,cool,False,34.9297,69675
brazil,A-GD20.jpeg,images_brazil/A-GD20.jpeg,3,#727963,114,121,99,79.09,yellow-green,18.18,47.45,43.14,warm,False,15.8684,31653
brazil,A-GD20.jpeg,images_brazil/A-GD20.jpeg,4,#AE1409,174,20,9,4.0,red,94.83,68.24,35.88,warm,False,3.209,6401
brazil,A-GD21.jpeg,images_brazil/A-GD21.jpeg,1,#FBC704,251,199,4,47.37,yellow,98.41,98.43,50.0,warm,False,49.2488,97063
brazil,A-GD21.jpeg,images_brazil/A-GD21.jpeg,2,#FEF8E7,254,248,231,44.35,orange,9.06,99.61,95.1,neutral,True,23.1502,45626
brazil,A-GD21.jpeg,images_brazil/A-GD21.jpeg,3,#D30435,211,4,53,345.8,red,98.1,82.75,42.16,warm,False,10.0448,19797
brazil,A-GD21.jpeg,images_brazil/A-GD21.jpeg,4,#BB3B0B,187,59,11,16.36,orange,94.12,73.33,38.82,warm,False,9.4877,18699
brazil,A-GD21.jpeg,images_brazil/A-GD21.jpeg,5,#087C36,8,124,54,143.79,green-cyan,93.55,48.63,25.88,cool,False,6.5753,12959
brazil,A-GD21.jpeg,images_brazil/A-GD21.jpeg,6,#F8E66C,248,230,108,52.29,yellow,56.45,97.25,69.8,warm,False,1.4932,2943
brazil,A-GD22.jpeg,images_brazil/A-GD22.jpeg,1,#E8CFA3,232,207,163,38.26,orange,29.74,90.98,77.45,warm,False,31.8764,63660
brazil,A-GD22.jpeg,images_brazil/A-GD22.jpeg,2,#D71736,215,23,54,350.31,red,89.3,84.31,46.67,warm,False,20.6045,41149
brazil,A-GD22.jpeg,images_brazil/A-GD22.jpeg,3,#7BB08C,123,176,140,139.25,green-cyan,30.11,69.02,58.63,cool,False,15.3679,30691
brazil,A-GD22.jpeg,images_brazil/A-GD22.jpeg,4,#446A24,68,106,36,92.57,yellow-green,66.04,41.57,27.84,cool,False,10.6114,21192
brazil,A-GD22.jpeg,images_brazil/A-GD22.jpeg,5,#ECD11B,236,209,27,52.25,yellow,88.56,92.55,51.57,warm,False,7.3913,14761
brazil,A-GD22.jpeg,images_brazil/A-GD22.jpeg,6,#0C0603,12,6,3,20.0,orange,75.0,4.71,2.94,warm,False,4.7164,9419
brazil,A-GD22.jpeg,images_brazil/A-GD22.jpeg,7,#564E31,86,78,49,47.03,yellow,43.02,33.73,26.47,warm,False,4.5747,9136
brazil,A-GD22.jpeg,images_brazil/A-GD22.jpeg,8,#F2F2EB,242,242,235,60.0,yellow,2.89,94.9,93.53,neutral,True,3.9312,7851
brazil,A-GD22.jpeg,images_brazil/A-GD22.jpeg,9,#DD7456,221,116,86,13.33,red,61.09,86.67,60.2,warm,False,0.9263,1850
brazil,A-GD23.jpeg,images_brazil/A-GD23.jpeg,1,#8D9999,141,153,153,180.0,cyan,7.84,60.0,57.65,neutral,True,33.8504,38606
brazil,A-GD23.jpeg,images_brazil/A-GD23.jpeg,2,#3A4874,58,72,116,225.52,blue,50.0,45.49,34.12,cool,False,26.3211,30019
brazil,A-GD23.jpeg,images_brazil/A-GD23.jpeg,3,#6F7744,111,119,68,69.41,yellow,42.86,46.67,36.67,warm,False,18.7718,21409
brazil,A-GD23.jpeg,images_brazil/A-GD23.jpeg,4,#C2974D,194,151,77,37.95,orange,60.31,76.08,53.14,warm,False,9.1803,10470
brazil,A-GD23.jpeg,images_brazil/A-GD23.jpeg,5,#A44F2B,164,79,43,17.85,orange,73.78,64.31,40.59,warm,False,6.748,7696
brazil,A-GD23.jpeg,images_brazil/A-GD23.jpeg,6,#454A4D,69,74,77,202.5,cyan-blue,10.39,30.2,28.63,neutral,True,2.9671,3384
brazil,A-GD23.jpeg,images_brazil/A-GD23.jpeg,7,#100E07,16,14,7,46.67,yellow,56.25,6.27,4.51,warm,False,2.1614,2465
brazil,A-GD24.jpeg,images_brazil/A-GD24.jpeg,1,#96B199,150,177,153,126.67,green,15.25,69.41,64.12,cool,False,38.6265,76664
brazil,A-GD24.jpeg,images_brazil/A-GD24.jpeg,2,#2D77AD,45,119,173,205.31,cyan-blue,73.99,67.84,42.75,cool,False,17.8798,35487
brazil,A-GD24.jpeg,images_brazil/A-GD24.jpeg,3,#DBD0CB,219,208,203,18.75,orange,7.31,85.88,82.75,neutral,True,15.1787,30126
brazil,A-GD24.jpeg,images_brazil/A-GD24.jpeg,4,#212C39,33,44,57,212.5,cyan-blue,42.11,22.35,17.65,cool,False,14.4315,28643
brazil,A-GD24.jpeg,images_brazil/A-GD24.jpeg,5,#D8D76F,216,215,111,59.43,yellow,48.61,84.71,64.12,warm,False,13.1745,26148
brazil,A-GD24.jpeg,images_brazil/A-GD24.jpeg,6,#95CBAC,149,203,172,145.56,green-cyan,26.6,79.61,69.02,cool,False,0.7089,1407
brazil,A-GD25.jpeg,images_brazil/A-GD25.jpeg,1,#B87257,184,114,87,16.7,orange,52.72,72.16,53.14,warm,False,38.5246,76536
brazil,A-GD25.jpeg,images_brazil/A-GD25.jpeg,2,#281A24,40,26,36,317.14,magenta,35.0,15.69,12.94,cool,False,29.047,57707
brazil,A-GD25.jpeg,images_brazil/A-GD25.jpeg,3,#D6E7DF,214,231,223,151.76,green-cyan,7.36,90.59,87.25,neutral,True,10.739,21335
brazil,A-GD25.jpeg,images_brazil/A-GD25.jpeg,4,#C81E26,200,30,38,357.18,red,85.0,78.43,45.1,warm,False,8.9078,17697
brazil,A-GD25.jpeg,images_brazil/A-GD25.jpeg,5,#768962,118,137,98,89.23,yellow-green,28.47,53.73,46.08,warm,False,6.3211,12558
brazil,A-GD25.jpeg,images_brazil/A-GD25.jpeg,6,#C3527F,195,82,127,336.11,magenta,57.95,76.47,54.31,warm,False,3.8965,7741
brazil,A-GD25.jpeg,images_brazil/A-GD25.jpeg,7,#DABB55,218,187,85,46.02,yellow,61.01,85.49,59.41,warm,False,2.5641,5094
brazil,A-GD26.jpeg,images_brazil/A-GD26.jpeg,1,#E4CA6F,228,202,111,46.67,yellow,51.32,89.41,66.47,warm,False,32.95,65900
brazil,A-GD26.jpeg,images_brazil/A-GD26.jpeg,2,#363F79,54,63,121,231.94,blue,55.37,47.45,34.31,cool,False,23.4455,46891
brazil,A-GD26.jpeg,images_brazil/A-GD26.jpeg,3,#F8F7DF,248,247,223,57.6,yellow,10.08,97.25,92.35,neutral,True,20.446,40892
brazil,A-GD26.jpeg,images_brazil/A-GD26.jpeg,4,#D34131,211,65,49,5.93,red,76.78,82.75,50.98,warm,False,12.222,24444
brazil,A-GD26.jpeg,images_brazil/A-GD26.jpeg,5,#403138,64,49,56,332.0,magenta,23.44,25.1,22.16,warm,False,6.118,12236
brazil,A-GD26.jpeg,images_brazil/A-GD26.jpeg,6,#79A865,121,168,101,102.09,yellow-green,39.88,65.88,52.75,cool,False,4.8185,9637
brazil,A-GD27.jpeg,images_brazil/A-GD27.jpeg,1,#CD7F18,205,127,24,34.14,orange,88.29,80.39,44.9,warm,False,43.0582,85635
brazil,A-GD27.jpeg,images_brazil/A-GD27.jpeg,2,#241A17,36,26,23,13.85,red,36.11,14.12,11.57,warm,False,24.3265,48381
brazil,A-GD27.jpeg,images_brazil/A-GD27.jpeg,3,#C1996A,193,153,106,32.41,orange,45.08,75.69,58.63,warm,False,14.5066,28851
brazil,A-GD27.jpeg,images_brazil/A-GD27.jpeg,4,#6E8145,110,129,69,79.0,yellow-green,46.51,50.59,38.82,warm,False,10.9819,21841
brazil,A-GD27.jpeg,images_brazil/A-GD27.jpeg,5,#5C5470,92,84,112,257.14,blue-purple,25.0,43.92,38.43,cool,False,7.1268,14174
brazil,A-GD28.jpeg,images_brazil/A-GD28.jpeg,1,#BDC0B0,189,192,176,71.25,yellow,8.33,75.29,72.16,neutral,True,62.7229,66591
brazil,A-GD28.jpeg,images_brazil/A-GD28.jpeg,2,#BA3411,186,52,17,12.43,red,90.86,72.94,39.8,warm,False,15.8618,16840
brazil,A-GD28.jpeg,images_brazil/A-GD28.jpeg,3,#112922,17,41,34,162.5,green-cyan,58.54,16.08,11.37,cool,False,13.9874,14850
brazil,A-GD28.jpeg,images_brazil/A-GD28.jpeg,4,#CE8F5F,206,143,95,25.95,orange,53.88,80.78,59.02,warm,False,6.259,6645
brazil,A-GD28.jpeg,images_brazil/A-GD28.jpeg,5,#1F0C0A,31,12,10,5.71,red,67.74,12.16,8.04,warm,False,1.1689,1241
brazil,A-GD29.jpeg,images_brazil/A-GD29.jpeg,1,#C4BAA1,196,186,161,42.86,orange,17.86,76.86,70.0,warm,False,44.9799,89236
brazil,A-GD29.jpeg,images_brazil/A-GD29.jpeg,2,#270F19,39,15,25,335.0,magenta,61.54,15.29,10.59,warm,False,24.4986,48603
brazil,A-GD29.jpeg,images_brazil/A-GD29.jpeg,3,#1144AC,17,68,172,220.26,cyan-blue,90.12,67.45,37.06,cool,False,11.0691,21960
brazil,A-GD29.jpeg,images_brazil/A-GD29.jpeg,4,#70B4D4,112,180,212,199.2,cyan-blue,47.17,83.14,63.53,cool,False,5.2991,10513
brazil,A-GD29.jpeg,images_brazil/A-GD29.jpeg,5,#D01D15,208,29,21,2.57,red,89.9,81.57,44.9,warm,False,4.4518,8832
brazil,A-GD29.jpeg,images_brazil/A-GD29.jpeg,6,#E7EA71,231,234,113,61.49,yellow,51.71,91.76,68.04,warm,False,3.2552,6458
brazil,A-GD29.jpeg,images_brazil/A-GD29.jpeg,7,#B0D7C8,176,215,200,156.92,green-cyan,18.14,84.31,76.67,cool,False,2.4164,4794
brazil,A-GD29.jpeg,images_brazil/A-GD29.jpeg,8,#5BAE5F,91,174,95,122.89,green,47.7,68.24,51.96,cool,False,1.9935,3955
brazil,A-GD29.jpeg,images_brazil/A-GD29.jpeg,9,#895234,137,82,52,21.18,orange,62.04,53.73,37.06,warm,False,0.751,1490
brazil,A-GD29.jpeg,images_brazil/A-GD29.jpeg,10,#254942,37,73,66,168.33,cyan,49.32,28.63,21.57,cool,False,0.6895,1368
brazil,A-GD3.jpeg,images_brazil/A-GD3.jpeg,1,#C1BC8C,193,188,140,54.34,yellow,27.46,75.69,65.29,warm,False,74.4213,148556
brazil,A-GD3.jpeg,images_brazil/A-GD3.jpeg,2,#A25246,162,82,70,7.83,red,56.79,63.53,45.49,warm,False,15.3861,30713
brazil,A-GD3.jpeg,images_brazil/A-GD3.jpeg,3,#5A5D5D,90,93,93,180.0,cyan,3.23,36.47,35.88,neutral,True,8.809,17584
brazil,A-GD3.jpeg,images_brazil/A-GD3.jpeg,4,#CB9460,203,148,96,29.16,orange,52.71,79.61,58.63,warm,False,1.3837,2762
brazil,A-GD30.jpeg,images_brazil/A-GD30.jpeg,1,#D4B595,212,181,149,30.48,orange,29.72,83.14,70.78,warm,False,66.5479,132763
brazil,A-GD30.jpeg,images_brazil/A-GD30.jpeg,2,#7C7C6A,124,124,106,60.0,yellow,14.52,48.63,45.1,warm,False,20.808,41512
brazil,A-GD30.jpeg,images_brazil/A-GD30.jpeg,3,#3D4948,61,73,72,175.0,cyan,16.44,28.63,26.27,cool,False,9.7769,19505
brazil,A-GD30.jpeg,images_brazil/A-GD30.jpeg,4,#FEFEFB,254,254,251,60.0,yellow,1.18,99.61,99.02,neutral,True,2.8672,5720
brazil,A-GD31.jpeg,images_brazil/A-GD31.jpeg,1,#7E8B2E,126,139,46,68.39,yellow,66.91,54.51,36.27,warm,False,36.7117,72781
brazil,A-GD31.jpeg,images_brazil/A-GD31.jpeg,2,#CDA617,205,166,23,47.14,yellow,88.78,80.39,44.71,warm,False,20.9422,41518
brazil,A-GD31.jpeg,images_brazil/A-GD31.jpeg,3,#D0BE8F,208,190,143,43.38,orange,31.25,81.57,68.82,warm,False,16.9079,33520
brazil,A-GD31.jpeg,images_brazil/A-GD31.jpeg,4,#186784,24,103,132,196.11,cyan-blue,81.82,51.76,30.59,cool,False,12.7536,25284
brazil,A-GD31.jpeg,images_brazil/A-GD31.jpeg,5,#8CB0A4,140,176,164,160.0,green-cyan,20.45,69.02,61.96,cool,False,12.6845,25147
brazil,A-GD32.jpeg,images_brazil/A-GD32.jpeg,1,#AA4F34,170,79,52,13.73,red,69.41,66.67,43.53,warm,False,22.8063,45525
brazil,A-GD32.jpeg,images_brazil/A-GD32.jpeg,2,#F7FAF9,247,250,249,160.0,green-cyan,1.2,98.04,97.45,neutral,True,21.2593,42437
brazil,A-GD32.jpeg,images_brazil/A-GD32.jpeg,3,#ABB29C,171,178,156,79.09,yellow-green,12.36,69.8,65.49,warm,False,14.2413,28428
brazil,A-GD32.jpeg,images_brazil/A-GD32.jpeg,4,#3B211F,59,33,31,4.29,red,47.46,23.14,17.65,warm,False,13.0501,26050
brazil,A-GD32.jpeg,images_brazil/A-GD32.jpeg,5,#C9B56D,201,181,109,46.96,yellow,45.77,78.82,60.78,warm,False,11.3788,22714
brazil,A-GD32.jpeg,images_brazil/A-GD32.jpeg,6,#34615B,52,97,91,172.0,cyan,46.39,38.04,29.22,cool,False,9.0138,17993
brazil,A-GD32.jpeg,images_brazil/A-GD32.jpeg,7,#667E39,102,126,57,80.87,yellow-green,54.76,49.41,35.88,warm,False,6.0366,12050
brazil,A-GD32.jpeg,images_brazil/A-GD32.jpeg,8,#2A5D37,42,93,55,135.29,green-cyan,54.84,36.47,26.47,cool,False,0.8762,1749
brazil,A-GD32.jpeg,images_brazil/A-GD32.jpeg,9,#173549,23,53,73,204.0,cyan-blue,68.49,28.63,18.82,cool,False,0.8341,1665
brazil,A-GD32.jpeg,images_brazil/A-GD32.jpeg,10,#052324,5,35,36,181.94,cyan,86.11,14.12,8.04,cool,False,0.5035,1005
brazil,A-GD33.jpeg,images_brazil/A-GD33.jpeg,1,#A18C6D,161,140,109,35.77,orange,32.3,63.14,52.94,warm,False,89.593,178747
brazil,A-GD33.jpeg,images_brazil/A-GD33.jpeg,2,#94ACA4,148,172,164,160.0,green-cyan,13.95,67.45,62.75,cool,False,10.407,20763
brazil,A-GD34.jpeg,images_brazil/A-GD34.jpeg,1,#FCE11F,252,225,31,52.67,yellow,87.7,98.82,55.49,warm,False,56.5672,71346
brazil,A-GD34.jpeg,images_brazil/A-GD34.jpeg,2,#BEAB8B,190,171,139,37.65,orange,26.84,74.51,64.51,warm,False,41.0954,51832
brazil,A-GD34.jpeg,images_brazil/A-GD34.jpeg,3,#C44810,196,72,16,18.67,orange,91.84,76.86,41.57,warm,False,1.6293,2055
brazil,A-GD34.jpeg,images_brazil/A-GD34.jpeg,4,#79A38D,121,163,141,148.57,green-cyan,25.77,63.92,55.69,cool,False,0.708,893
brazil,A-GD35.jpeg,images_brazil/A-GD35.jpeg,1,#56988C,86,152,140,169.09,cyan,43.42,59.61,46.67,cool,False,18.9908,37918
brazil,A-GD35.jpeg,images_brazil/A-GD35.jpeg,2,#53543F,83,84,63,62.86,yellow,25.0,32.94,28.82,warm,False,16.707,33358
brazil,A-GD35.jpeg,images_brazil/A-GD35.jpeg,3,#D9C61A,217,198,26,54.03,yellow,88.02,85.1,47.65,warm,False,14.5499,29051
brazil,A-GD35.jpeg,images_brazil/A-GD35.jpeg,4,#CFCBB0,207,203,176,52.26,yellow,14.98,81.18,75.1,warm,False,13.2482,26452
brazil,A-GD35.jpeg,images_brazil/A-GD35.jpeg,5,#6D9D3E,109,157,62,90.32,yellow-green,60.51,61.57,42.94,cool,False,12.9036,25764
brazil,A-GD35.jpeg,images_brazil/A-GD35.jpeg,6,#7E7838,126,120,56,54.86,yellow,55.56,49.41,35.69,warm,False,9.7979,19563
brazil,A-GD35.jpeg,images_brazil/A-GD35.jpeg,7,#CA4711,202,71,17,17.51,orange,91.58,79.22,42.94,warm,False,8.3555,16683
brazil,A-GD35.jpeg,images_brazil/A-GD35.jpeg,8,#7B4C36,123,76,54,19.13,orange,56.1,48.24,34.71,warm,False,5.4471,10876
brazil,A-GD36.jpeg,images_brazil/A-GD36.jpeg,1,#4D4630,77,70,48,45.52,yellow,37.66,30.2,24.51,warm,False,31.2758,62418
brazil,A-GD36.jpeg,images_brazil/A-GD36.jpeg,2,#C5BEA7,197,190,167,46.0,yellow,15.23,77.25,71.37,warm,False,26.5216,52930
brazil,A-GD36.jpeg,images_brazil/A-GD36.jpeg,3,#32908C,50,144,140,177.45,cyan,65.28,56.47,38.04,cool,False,16.4486,32827
brazil,A-GD36.jpeg,images_brazil/A-GD36.jpeg,4,#446274,68,98,116,202.5,cyan-blue,41.38,45.49,36.08,cool,False,11.1418,22236
brazil,A-GD36.jpeg,images_brazil/A-GD36.jpeg,5,#B28048,178,128,72,31.7,orange,59.55,69.8,49.02,warm,False,6.7073,13386
brazil,A-GD36.jpeg,images_brazil/A-GD36.jpeg,6,#6B7C69,107,124,105,113.68,green,15.32,48.63,44.9,cool,False,3.998,7979
brazil,A-GD36.jpeg,images_brazil/A-GD36.jpeg,7,#32832E,50,131,46,117.18,green,64.89,51.37,34.71,cool,False,3.9068,7797
brazil,A-GD37.jpeg,images_brazil/A-GD37.jpeg,1,#79A2A9,121,162,169,188.75,cyan,28.4,66.27,56.86,cool,False,66.4852,132638
brazil,A-GD37.jpeg,images_brazil/A-GD37.jpeg,2,#F1F8F5,241,248,245,154.29,green-cyan,2.82,97.25,95.88,neutral,True,16.9368,33789
brazil,A-GD37.jpeg,images_brazil/A-GD37.jpeg,3,#A85865,168,88,101,350.25,red,47.62,65.88,50.2,warm,False,8.4767,16911
brazil,A-GD37.jpeg,images_brazil/A-GD37.jpeg,4,#DBC096,219,192,150,36.52,orange,31.51,85.88,72.35,warm,False,6.0471,12064
brazil,A-GD37.jpeg,images_brazil/A-GD37.jpeg,5,#4C6188,76,97,136,219.0,cyan-blue,44.12,53.33,41.57,cool,False,2.0541,4098
brazil,A-GD38.jpeg,images_brazil/A-GD38.jpeg,1,#4E8268,78,130,104,150.0,green-cyan,40.0,50.98,40.78,cool,False,83.4046,166428
brazil,A-GD38.jpeg,images_brazil/A-GD38.jpeg,2,#E3E2D7,227,226,215,55.0,yellow,5.29,89.02,86.67,neutral,True,12.257,24458
brazil,A-GD38.jpeg,images_brazil/A-GD38.jpeg,3,#C12A22,193,42,34,3.02,red,82.38,75.69,44.51,warm,False,3.7536,7490
brazil,A-GD38.jpeg,images_brazil/A-GD38.jpeg,4,#75543D,117,84,61,24.64,orange,47.86,45.88,34.9,warm,False,0.5848,1167
brazil,A-GD39.jpeg,images_brazil/A-GD39.jpeg,1,#B8734B,184,115,75,22.02,orange,59.24,72.16,50.78,warm,False,42.5615,84888
brazil,A-GD39.jpeg,images_brazil/A-GD39.jpeg,2,#EDCF70,237,207,112,45.6,yellow,52.74,92.94,68.43,warm,False,35.5561,70916
brazil,A-GD39.jpeg,images_brazil/A-GD39.jpeg,3,#F0F1E7,240,241,231,66.0,yellow,4.15,94.51,92.55,neutral,True,17.8342,35570
brazil,A-GD39.jpeg,images_brazil/A-GD39.jpeg,4,#8B838A,139,131,138,307.5,purple,5.76,54.51,52.94,neutral,True,4.0482,8074
brazil,A-GD4.jpeg,images_brazil/A-GD4.jpeg,1,#E7E8D0,231,232,208,62.5,yellow,10.34,90.98,86.27,neutral,True,29.5502,58744
brazil,A-GD4.jpeg,images_brazil/A-GD4.jpeg,2,#F9E916,249,233,22,55.77,yellow,91.16,97.65,53.14,warm,False,23.473,46663
brazil,A-GD4.jpeg,images_brazil/A-GD4.jpeg,3,#BF4D22,191,77,34,16.43,orange,82.2,74.9,44.12,warm,False,23.1783,46077
brazil,A-GD4.jpeg,images_brazil/A-GD4.jpeg,4,#78A48C,120,164,140,147.27,green-cyan,26.83,64.31,55.69,cool,False,9.5773,19039
brazil,A-GD4.jpeg,images_brazil/A-GD4.jpeg,5,#2F2D20,47,45,32,52.0,yellow,31.91,18.43,15.49,warm,False,8.0676,16038
brazil,A-GD4.jpeg,images_brazil/A-GD4.jpeg,6,#7A6D76,122,109,118,318.46,magenta,10.66,47.84,45.29,neutral,True,4.399,8745
brazil,A-GD4.jpeg,images_brazil/A-GD4.jpeg,7,#3B1006,59,16,6,11.32,red,89.83,23.14,12.75,warm,False,0.8858,1761
brazil,A-GD4.jpeg,images_brazil/A-GD4.jpeg,8,#D8AF66,216,175,102,38.42,orange,52.78,84.71,62.35,warm,False,0.8687,1727
brazil,A-GD40.jpeg,images_brazil/A-GD40.jpeg,1,#E4E3DC,228,227,220,52.5,yellow,3.51,89.41,87.84,neutral,True,76.2145,152019
brazil,A-GD40.jpeg,images_brazil/A-GD40.jpeg,2,#EFCA6D,239,202,109,42.92,orange,54.39,93.73,68.24,warm,False,11.0567,22054
brazil,A-GD40.jpeg,images_brazil/A-GD40.jpeg,3,#C76A4C,199,106,76,14.63,red,61.81,78.04,53.92,warm,False,6.5627,13090
brazil,A-GD40.jpeg,images_brazil/A-GD40.jpeg,4,#3B8E7A,59,142,122,165.54,cyan,58.45,55.69,39.41,cool,False,3.4999,6981
brazil,A-GD40.jpeg,images_brazil/A-GD40.jpeg,5,#42392B,66,57,43,36.52,orange,34.85,25.88,21.37,warm,False,2.062,4113
brazil,A-GD40.jpeg,images_brazil/A-GD40.jpeg,6,#42A4AD,66,164,173,185.05,cyan,61.85,67.84,46.86,cool,False,0.6041,1205
brazil,A-GD5.jpeg,images_brazil/A-GD5.jpeg,1,#EDC868,237,200,104,43.31,orange,56.12,92.94,66.86,warm,False,79.0359,157743
brazil,A-GD5.jpeg,images_brazil/A-GD5.jpeg,2,#301F0F,48,31,15,29.09,orange,68.75,18.82,12.35,warm,False,15.5423,31020
brazil,A-GD5.jpeg,images_brazil/A-GD5.jpeg,3,#B84329,184,67,41,10.91,red,77.72,72.16,44.12,warm,False,5.4218,10821
brazil,A-GD6.jpeg,images_brazil/A-GD6.jpeg,1,#3680C8,54,128,200,209.59,cyan-blue,73.0,78.43,49.8,cool,False,35.4246,70723
brazil,A-GD6.jpeg,images_brazil/A-GD6.jpeg,2,#699976,105,153,118,136.25,green-cyan,31.37,60.0,50.59,cool,False,18.5771,37088
brazil,A-GD6.jpeg,images_brazil/A-GD6.jpeg,3,#B39B78,179,155,120,35.59,orange,32.96,70.2,58.63,warm,False,15.8517,31647
brazil,A-GD6.jpeg,images_brazil/A-GD6.jpeg,4,#202740,32,39,64,226.88,blue,50.0,25.1,18.82,cool,False,12.5088,24973
brazil,A-GD6.jpeg,images_brazil/A-GD6.jpeg,5,#D9E24F,217,226,79,63.67,yellow,65.04,88.63,59.8,warm,False,10.5383,21039
brazil,A-GD6.jpeg,images_brazil/A-GD6.jpeg,6,#3C4343,60,67,67,180.0,cyan,10.45,26.27,24.9,neutral,True,2.3993,4790
brazil,A-GD6.jpeg,images_brazil/A-GD6.jpeg,7,#2F6A75,47,106,117,189.43,cyan,59.83,45.88,32.16,cool,False,2.3131,4618
brazil,A-GD6.jpeg,images_brazil/A-GD6.jpeg,8,#723229,114,50,41,7.4,red,64.04,44.71,30.39,warm,False,1.4371,2869
brazil,A-GD6.jpeg,images_brazil/A-GD6.jpeg,9,#82A95E,130,169,94,91.2,yellow-green,44.38,66.27,51.57,cool,False,0.9502,1897
brazil,A-GD7.jpeg,images_brazil/A-GD7.jpeg,1,#F0E5DC,240,229,220,27.0,orange,8.33,94.12,90.2,neutral,True,55.4967,110096
brazil,A-GD7.jpeg,images_brazil/A-GD7.jpeg,2,#DF3648,223,54,72,353.61,red,75.78,87.45,54.31,warm,False,19.7693,39219
brazil,A-GD7.jpeg,images_brazil/A-GD7.jpeg,3,#3A362D,58,54,45,41.54,orange,22.41,22.75,20.2,warm,False,13.3036,26392
brazil,A-GD7.jpeg,images_brazil/A-GD7.jpeg,4,#82A968,130,169,104,96.0,yellow-green,38.46,66.27,53.53,cool,False,5.8669,11639
brazil,A-GD7.jpeg,images_brazil/A-GD7.jpeg,5,#EFB048,239,176,72,37.37,orange,69.87,93.73,60.98,warm,False,3.3687,6683
brazil,A-GD7.jpeg,images_brazil/A-GD7.jpeg,6,#643B36,100,59,54,6.52,red,46.0,39.22,30.2,warm,False,2.1947,4354
brazil,A-GD8.jpeg,images_brazil/A-GD8.jpeg,1,#5DA7A3,93,167,163,176.76,cyan,44.31,65.49,50.98,cool,False,35.816,71276
brazil,A-GD8.jpeg,images_brazil/A-GD8.jpeg,2,#D0AA80,208,170,128,31.5,orange,38.46,81.57,65.88,warm,False,26.0017,51745
brazil,A-GD8.jpeg,images_brazil/A-GD8.jpeg,3,#1E1516,30,21,22,353.33,red,30.0,11.76,10.0,warm,False,19.5281,38862
brazil,A-GD8.jpeg,images_brazil/A-GD8.jpeg,4,#CC253A,204,37,58,352.46,red,81.86,80.0,47.25,warm,False,7.3179,14563
brazil,A-GD8.jpeg,images_brazil/A-GD8.jpeg,5,#58543C,88,84,60,51.43,yellow,31.82,34.51,29.02,warm,False,4.925,9801
brazil,A-GD8.jpeg,images_brazil/A-GD8.jpeg,6,#EFBF2D,239,191,45,45.15,yellow,81.17,93.73,55.69,warm,False,4.3149,8587
brazil,A-GD8.jpeg,images_brazil/A-GD8.jpeg,7,#540D16,84,13,22,352.39,red,84.52,32.94,19.02,warm,False,1.3583,2703
brazil,A-GD8.jpeg,images_brazil/A-GD8.jpeg,8,#823523,130,53,35,11.37,red,73.08,50.98,32.35,warm,False,0.7382,1469
brazil,A-GD9.jpeg,images_brazil/A-GD9.jpeg,1,#A2AD82,162,173,130,75.35,yellow-green,24.86,67.84,59.41,warm,False,47.871,95317
brazil,A-GD9.jpeg,images_brazil/A-GD9.jpeg,2,#2B4A49,43,74,73,178.06,cyan,41.89,29.02,22.94,cool,False,20.4126,40644
brazil,A-GD9.jpeg,images_brazil/A-GD9.jpeg,3,#F0B451,240,180,81,37.36,orange,66.25,94.12,62.94,warm,False,14.9735,29814
brazil,A-GD9.jpeg,images_brazil/A-GD9.jpeg,4,#E6432F,230,67,47,6.56,red,79.57,90.2,54.31,warm,False,10.1134,20137
brazil,A-GD9.jpeg,images_brazil/A-GD9.jpeg,5,#F4B092,244,176,146,18.37,orange,40.16,95.69,76.47,warm,False,4.5808,9121
brazil,A-GD9.jpeg,images_brazil/A-GD9.jpeg,6,#211C1C,33,28,28,0.0,red,15.15,12.94,11.96,warm,False,1.3696,2727
brazil,A-GD9.jpeg,images_brazil/A-GD9.jpeg,7,#571513,87,21,19,1.76,red,78.16,34.12,20.78,warm,False,0.679,1352
egypt,B-GD1.jpeg,images_egypt/B-GD1.jpeg,1,#E7D5BE,231,213,190,33.66,orange,17.75,90.59,82.55,warm,False,52.9791,105892
egypt,B-GD1.jpeg,images_egypt/B-GD1.jpeg,2,#B55E4B,181,94,75,10.75,red,58.56,70.98,50.2,warm,False,31.5782,63117
egypt,B-GD1.jpeg,images_egypt/B-GD1.jpeg,3,#898E7E,137,142,126,78.75,yellow-green,11.27,55.69,52.55,neutral,True,7.6783,15347
egypt,B-GD1.jpeg,images_egypt/B-GD1.jpeg,4,#575546,87,85,70,52.94,yellow,19.54,34.12,30.78,warm,False,5.7386,11470
egypt,B-GD1.jpeg,images_egypt/B-GD1.jpeg,5,#16130F,22,19,15,34.29,orange,31.82,8.63,7.25,warm,False,2.0258,4049
egypt,B-GD10.jpeg,images_egypt/B-GD10.jpeg,1,#DFAE33,223,174,51,42.91,orange,77.13,87.45,53.73,warm,False,48.6362,97070
egypt,B-GD10.jpeg,images_egypt/B-GD10.jpeg,2,#E56B30,229,107,48,19.56,orange,79.04,89.8,54.31,warm,False,27.5328,54951
egypt,B-GD10.jpeg,images_egypt/B-GD10.jpeg,3,#076E1E,7,110,30,133.4,green,93.64,43.14,22.94,cool,False,15.647,31229
egypt,B-GD10.jpeg,images_egypt/B-GD10.jpeg,4,#243316,36,51,22,91.03,yellow-green,56.86,20.0,14.31,cool,False,4.2679,8518
egypt,B-GD10.jpeg,images_egypt/B-GD10.jpeg,5,#58320C,88,50,12,30.0,orange,86.36,34.51,19.61,warm,False,3.2708,6528
egypt,B-GD10.jpeg,images_egypt/B-GD10.jpeg,6,#DD091B,221,9,27,354.91,red,95.93,86.67,45.1,warm,False,0.6453,1288
egypt,B-GD11.jpeg,images_egypt/B-GD11.jpeg,1,#76B3CE,118,179,206,198.41,cyan-blue,42.72,80.78,63.53,cool,False,38.3795,76515
egypt,B-GD11.jpeg,images_egypt/B-GD11.jpeg,2,#134E7B,19,78,123,205.96,cyan-blue,84.55,48.24,27.84,cool,False,13.0435,26004
egypt,B-GD11.jpeg,images_egypt/B-GD11.jpeg,3,#C94027,201,64,39,9.26,red,80.6,78.82,47.06,warm,False,11.9676,23859
egypt,B-GD11.jpeg,images_egypt/B-GD11.jpeg,4,#D8E7E1,216,231,225,156.0,green-cyan,6.49,90.59,87.65,neutral,True,10.3645,20663
egypt,B-GD11.jpeg,images_egypt/B-GD11.jpeg,5,#14181F,20,24,31,218.18,cyan-blue,35.48,12.16,10.0,cool,False,8.8632,17670
egypt,B-GD11.jpeg,images_egypt/B-GD11.jpeg,6,#E9C3A6,233,195,166,25.97,orange,28.76,91.37,78.24,warm,False,4.6834,9337
egypt,B-GD11.jpeg,images_egypt/B-GD11.jpeg,7,#6A5C4E,106,92,78,30.0,orange,26.42,41.57,36.08,warm,False,4.2811,8535
egypt,B-GD11.jpeg,images_egypt/B-GD11.jpeg,8,#B4B981,180,185,129,65.36,yellow,30.27,72.55,61.57,warm,False,2.8942,5770
egypt,B-GD11.jpeg,images_egypt/B-GD11.jpeg,9,#3E5F5F,62,95,95,180.0,cyan,34.74,37.25,30.78,cool,False,2.8867,5755
egypt,B-GD11.jpeg,images_egypt/B-GD11.jpeg,10,#F0E15B,240,225,91,53.96,yellow,62.08,94.12,64.9,warm,False,2.6364,5256
egypt,B-GD12.jpeg,images_egypt/B-GD12.jpeg,1,#F9EEC8,249,238,200,46.53,yellow,19.68,97.65,88.04,warm,False,64.5515,129083
egypt,B-GD12.jpeg,images_egypt/B-GD12.jpeg,2,#DB895A,219,137,90,21.86,orange,58.9,85.88,60.59,warm,False,8.5568,17111
egypt,B-GD12.jpeg,images_egypt/B-GD12.jpeg,3,#6A8B88,106,139,136,174.55,cyan,23.74,54.51,48.04,cool,False,7.6937,15385
egypt,B-GD12.jpeg,images_egypt/B-GD12.jpeg,4,#6F2318,111,35,24,7.59,red,78.38,43.53,26.47,warm,False,6.8971,13792
egypt,B-GD12.jpeg,images_egypt/B-GD12.jpeg,5,#F8CB57,248,203,87,43.23,orange,64.92,97.25,65.69,warm,False,4.7887,9576
egypt,B-GD12.jpeg,images_egypt/B-GD12.jpeg,6,#D51A14,213,26,20,1.87,red,90.61,83.53,45.69,warm,False,3.204,6407
egypt,B-GD12.jpeg,images_egypt/B-GD12.jpeg,7,#25728C,37,114,140,195.15,cyan-blue,73.57,54.9,34.71,cool,False,3.168,6335
egypt,B-GD12.jpeg,images_egypt/B-GD12.jpeg,8,#231317,35,19,23,345.0,red,45.71,13.73,10.59,warm,False,1.1402,2280
egypt,B-GD13.jpg,images_egypt/B-GD13.jpg,1,#DBB88C,219,184,140,33.42,orange,36.07,85.88,70.39,warm,False,62.5848,124888
egypt,B-GD13.jpg,images_egypt/B-GD13.jpg,2,#BC695F,188,105,95,6.45,red,49.47,73.73,55.49,warm,False,19.9048,39720
egypt,B-GD13.jpg,images_egypt/B-GD13.jpg,3,#4B494A,75,73,74,330.0,magenta,2.67,29.41,29.02,neutral,True,17.5104,34942
egypt,B-GD14.jpeg,images_egypt/B-GD14.jpeg,1,#CBB994,203,185,148,40.36,orange,27.09,79.61,68.82,warm,False,57.5283,114678
egypt,B-GD14.jpeg,images_egypt/B-GD14.jpeg,2,#809055,128,144,85,76.27,yellow-green,40.97,56.47,44.9,warm,False,21.6001,43058
egypt,B-GD14.jpeg,images_egypt/B-GD14.jpeg,3,#C93425,201,52,37,5.49,red,81.59,78.82,46.67,warm,False,16.9774,33843
egypt,B-GD14.jpeg,images_egypt/B-GD14.jpeg,4,#4C442F,76,68,47,43.45,orange,38.16,29.8,24.12,warm,False,3.8943,7763
egypt,B-GD15.jpeg,images_egypt/B-GD15.jpeg,1,#F4E293,244,226,147,48.87,yellow,39.75,95.69,76.67,warm,False,29.9639,50624
egypt,B-GD15.jpeg,images_egypt/B-GD15.jpeg,2,#EFF1E9,239,241,233,75.0,yellow,3.32,94.51,92.94,neutral,True,28.377,47943
egypt,B-GD15.jpeg,images_egypt/B-GD15.jpeg,3,#AD1627,173,22,39,353.25,red,87.28,67.84,38.24,warm,False,16.5333,27933
egypt,B-GD15.jpeg,images_egypt/B-GD15.jpeg,4,#EFE23F,239,226,63,55.57,yellow,73.64,93.73,59.22,warm,False,11.8526,20025
egypt,B-GD15.jpeg,images_egypt/B-GD15.jpeg,5,#CA7564,202,117,100,10.0,red,50.5,79.22,59.22,warm,False,7.5584,12770
egypt,B-GD15.jpeg,images_egypt/B-GD15.jpeg,6,#CE9763,206,151,99,29.16,orange,51.94,80.78,59.8,warm,False,4.5617,7707
egypt,B-GD15.jpeg,images_egypt/B-GD15.jpeg,7,#3A4032,58,64,50,85.71,yellow-green,21.88,25.1,22.35,warm,False,1.153,1948
egypt,B-GD16.webp,images_egypt/B-GD16.webp,1,#DECFB4,222,207,180,38.57,orange,18.92,87.06,78.82,warm,False,40.9501,81718
egypt,B-GD16.webp,images_egypt/B-GD16.webp,2,#2D1A16,45,26,22,10.43,red,51.11,17.65,13.14,warm,False,32.4552,64766
egypt,B-GD16.webp,images_egypt/B-GD16.webp,3,#CD6D45,205,109,69,17.65,orange,66.34,80.39,53.73,warm,False,23.7228,47340
egypt,B-GD16.webp,images_egypt/B-GD16.webp,4,#6A9FA0,106,159,160,181.11,cyan,33.75,62.75,52.16,cool,False,2.8719,5731
egypt,B-GD17.jpeg,images_egypt/B-GD17.jpeg,1,#9D6C6C,157,108,108,0.0,red,31.21,61.57,51.96,warm,False,68.5973,116505
egypt,B-GD17.jpeg,images_egypt/B-GD17.jpeg,2,#51484B,81,72,75,340.0,magenta,11.11,31.76,30.0,neutral,True,15.0036,25482
egypt,B-GD17.jpeg,images_egypt/B-GD17.jpeg,3,#347972,52,121,114,173.91,cyan,57.02,47.45,33.92,cool,False,8.7995,14945
egypt,B-GD17.jpeg,images_egypt/B-GD17.jpeg,4,#E3B59A,227,181,154,22.19,orange,32.16,89.02,74.71,warm,False,7.5996,12907
egypt,B-GD18.jpeg,images_egypt/B-GD18.jpeg,1,#C8D4D8,200,212,216,195.0,cyan,7.41,84.71,81.57,neutral,True,33.025,48480
egypt,B-GD18.jpeg,images_egypt/B-GD18.jpeg,2,#D4B630,212,182,48,49.02,yellow,77.36,83.14,50.98,warm,False,22.9424,33679
egypt,B-GD18.jpeg,images_egypt/B-GD18.jpeg,3,#B76166,183,97,102,356.51,red,46.99,71.76,54.9,warm,False,18.1528,26648
egypt,B-GD18.jpeg,images_egypt/B-GD18.jpeg,4,#549AC1,84,154,193,201.47,cyan-blue,56.48,75.69,54.31,cool,False,13.3401,19583
egypt,B-GD18.jpeg,images_egypt/B-GD18.jpeg,5,#506032,80,96,50,80.87,yellow-green,47.92,37.65,28.63,warm,False,12.5397,18408
egypt,B-GD19.jpeg,images_egypt/B-GD19.jpeg,1,#BDBCA5,189,188,165,57.5,yellow,12.7,74.12,69.41,warm,False,42.3441,84451
egypt,B-GD19.jpeg,images_egypt/B-GD19.jpeg,2,#1A140F,26,20,15,27.27,orange,42.31,10.2,8.04,warm,False,24.3687,48601
egypt,B-GD19.jpeg,images_egypt/B-GD19.jpeg,3,#4D7E6F,77,126,111,161.63,green-cyan,38.89,49.41,39.8,cool,False,21.1813,42244
egypt,B-GD19.jpeg,images_egypt/B-GD19.jpeg,4,#BC8466,188,132,102,20.93,orange,45.74,73.73,56.86,warm,False,7.6223,15202
egypt,B-GD19.jpeg,images_egypt/B-GD19.jpeg,5,#676860,103,104,96,67.5,yellow,7.69,40.78,39.22,neutral,True,4.4836,8942
egypt,B-GD20.jpeg,images_egypt/B-GD20.jpeg,1,#F9F5EB,249,245,235,42.86,orange,5.62,97.65,94.9,neutral,True,76.7828,61341
egypt,B-GD20.jpeg,images_egypt/B-GD20.jpeg,2,#C57C74,197,124,116,5.93,red,41.12,77.25,61.37,warm,False,15.1172,12077
egypt,B-GD20.jpeg,images_egypt/B-GD20.jpeg,3,#C1D66E,193,214,110,72.12,yellow,48.6,83.92,63.53,warm,False,8.1,6471
egypt,B-GD21.jpeg,images_egypt/B-GD21.jpeg,1,#ECD0A8,236,208,168,35.29,orange,28.81,92.55,79.22,warm,False,71.4959,142387
egypt,B-GD21.jpeg,images_egypt/B-GD21.jpeg,2,#DA3D30,218,61,48,4.59,red,77.98,85.49,52.16,warm,False,20.3431,40514
egypt,B-GD21.jpeg,images_egypt/B-GD21.jpeg,3,#4F433B,79,67,59,24.0,orange,25.32,30.98,27.06,warm,False,6.0315,12012
egypt,B-GD21.jpeg,images_egypt/B-GD21.jpeg,4,#509353,80,147,83,122.69,green,45.58,57.65,44.51,cool,False,2.1295,4241
egypt,B-GD22.jpeg,images_egypt/B-GD22.jpeg,1,#F3EFE2,243,239,226,45.88,yellow,7.0,95.29,91.96,neutral,True,62.0499,82249
egypt,B-GD22.jpeg,images_egypt/B-GD22.jpeg,2,#72A8B8,114,168,184,193.71,cyan,38.04,72.16,58.43,cool,False,15.4444,20472
egypt,B-GD22.jpeg,images_egypt/B-GD22.jpeg,3,#2F2F2E,47,47,46,60.0,yellow,2.13,18.43,18.24,neutral,True,11.065,14667
egypt,B-GD22.jpeg,images_egypt/B-GD22.jpeg,4,#19275C,25,39,92,227.46,blue,72.83,36.08,22.94,cool,False,5.1489,6825
egypt,B-GD22.jpeg,images_egypt/B-GD22.jpeg,5,#D96E5C,217,110,92,8.64,red,57.6,85.1,60.59,warm,False,3.9992,5301
egypt,B-GD22.jpeg,images_egypt/B-GD22.jpeg,6,#F4E375,244,227,117,51.97,yellow,52.05,95.69,70.78,warm,False,2.2927,3039
egypt,B-GD23.jpeg,images_egypt/B-GD23.jpeg,1,#A7C2D5,167,194,213,204.78,cyan-blue,21.6,83.53,74.51,cool,False,34.0772,68028
egypt,B-GD23.jpeg,images_egypt/B-GD23.jpeg,2,#85898B,133,137,139,200.0,cyan-blue,4.32,54.51,53.33,neutral,True,25.3515,50609
egypt,B-GD23.jpeg,images_egypt/B-GD23.jpeg,3,#3D7F6C,61,127,108,162.73,green-cyan,51.97,49.8,36.86,cool,False,8.7973,17562
egypt,B-GD23.jpeg,images_egypt/B-GD23.jpeg,4,#2F2A3B,47,42,59,257.65,blue-purple,28.81,23.14,19.8,cool,False,7.9993,15969
egypt,B-GD23.jpeg,images_egypt/B-GD23.jpeg,5,#D2D9AB,210,217,171,69.13,yellow,21.2,85.1,76.08,warm,False,7.9147,15800
egypt,B-GD23.jpeg,images_egypt/B-GD23.jpeg,6,#634243,99,66,67,358.18,red,33.33,38.82,32.35,warm,False,5.4857,10951
egypt,B-GD23.jpeg,images_egypt/B-GD23.jpeg,7,#E6CC66,230,204,102,47.81,yellow,55.65,90.2,65.1,warm,False,5.0013,9984
egypt,B-GD23.jpeg,images_egypt/B-GD23.jpeg,8,#B6835C,182,131,92,26.0,orange,49.45,71.37,53.73,warm,False,4.7643,9511
egypt,B-GD23.jpeg,images_egypt/B-GD23.jpeg,9,#B03444,176,52,68,352.26,red,70.45,69.02,44.71,warm,False,0.6086,1215
egypt,B-GD24.jpeg,images_egypt/B-GD24.jpeg,1,#DCD9D4,220,217,212,37.5,orange,3.64,86.27,84.71,neutral,True,43.256,86230
egypt,B-GD24.jpeg,images_egypt/B-GD24.jpeg,2,#3AA3C1,58,163,193,193.33,cyan,69.95,75.69,49.22,cool,False,23.2578,46364
egypt,B-GD24.jpeg,images_egypt/B-GD24.jpeg,3,#D73326,215,51,38,4.41,red,82.33,84.31,49.61,warm,False,13.4027,26718
egypt,B-GD24.jpeg,images_egypt/B-GD24.jpeg,4,#F1DF0D,241,223,13,55.26,yellow,94.61,94.51,49.8,warm,False,8.603,17150
egypt,B-GD24.jpeg,images_egypt/B-GD24.jpeg,5,#34604D,52,96,77,154.09,green-cyan,45.83,37.65,29.02,cool,False,4.8328,9634
egypt,B-GD24.jpeg,images_egypt/B-GD24.jpeg,6,#531E27,83,30,39,349.81,red,63.86,32.55,22.16,warm,False,2.4339,4852
egypt,B-GD24.jpeg,images_egypt/B-GD24.jpeg,7,#C8855B,200,133,91,23.12,orange,54.5,78.43,57.06,warm,False,2.1019,4190
egypt,B-GD24.jpeg,images_egypt/B-GD24.jpeg,8,#616358,97,99,88,70.91,yellow,11.11,38.82,36.67,neutral,True,1.2245,2441
egypt,B-GD24.jpeg,images_egypt/B-GD24.jpeg,9,#E3D889,227,216,137,52.67,yellow,39.65,89.02,71.37,warm,False,0.8874,1769
egypt,B-GD25.jpg,images_egypt/B-GD25.jpg,1,#F8F9F7,248,249,247,90.0,yellow-green,0.8,97.65,97.25,neutral,True,45.8483,91317
egypt,B-GD25.jpg,images_egypt/B-GD25.jpg,2,#677B8B,103,123,139,206.67,cyan-blue,25.9,54.51,47.45,cool,False,28.2394,56245
egypt,B-GD25.jpg,images_egypt/B-GD25.jpg,3,#DCB36F,220,179,111,37.43,orange,49.55,86.27,64.9,warm,False,13.0626,26017
egypt,B-GD25.jpg,images_egypt/B-GD25.jpg,4,#BF4859,191,72,89,351.43,red,62.3,74.9,51.57,warm,False,8.5203,16970
egypt,B-GD25.jpg,images_egypt/B-GD25.jpg,5,#906F87,144,111,135,316.36,magenta,22.92,56.47,50.0,cool,False,2.0831,4149
egypt,B-GD25.jpg,images_egypt/B-GD25.jpg,6,#2E7B95,46,123,149,195.15,cyan-blue,69.13,58.43,38.24,cool,False,1.3867,2762
egypt,B-GD25.jpg,images_egypt/B-GD25.jpg,7,#2A171F,42,23,31,334.74,magenta,45.24,16.47,12.75,warm,False,0.8596,1712
egypt,B-GD26.jpeg,images_egypt/B-GD26.jpeg,1,#E4CA6F,228,202,111,46.67,yellow,51.32,89.41,66.47,warm,False,32.95,65900
egypt,B-GD26.jpeg,images_egypt/B-GD26.jpeg,2,#363F79,54,63,121,231.94,blue,55.37,47.45,34.31,cool,False,23.4455,46891
egypt,B-GD26.jpeg,images_egypt/B-GD26.jpeg,3,#F8F7DF,248,247,223,57.6,yellow,10.08,97.25,92.35,neutral,True,20.446,40892
egypt,B-GD26.jpeg,images_egypt/B-GD26.jpeg,4,#D34131,211,65,49,5.93,red,76.78,82.75,50.98,warm,False,12.222,24444
egypt,B-GD26.jpeg,images_egypt/B-GD26.jpeg,5,#403138,64,49,56,332.0,magenta,23.44,25.1,22.16,warm,False,6.118,12236
egypt,B-GD26.jpeg,images_egypt/B-GD26.jpeg,6,#79A865,121,168,101,102.09,yellow-green,39.88,65.88,52.75,cool,False,4.8185,9637
egypt,B-GD27.jpeg,images_egypt/B-GD27.jpeg,1,#99B1AB,153,177,171,165.0,green-cyan,13.56,69.41,64.71,cool,False,39.368,54564
egypt,B-GD27.jpeg,images_egypt/B-GD27.jpeg,2,#4C0D05,76,13,5,6.76,red,93.42,29.8,15.88,warm,False,27.5909,38241
egypt,B-GD27.jpeg,images_egypt/B-GD27.jpeg,3,#A06736,160,103,54,27.74,orange,66.25,62.75,41.96,warm,False,20.5512,28484
egypt,B-GD27.jpeg,images_egypt/B-GD27.jpeg,4,#F5EBCA,245,235,202,46.05,yellow,17.55,96.08,87.65,warm,False,12.4899,17311
egypt,B-GD28.jpg,images_egypt/B-GD28.jpg,1,#E7DC59,231,220,89,55.35,yellow,61.47,90.59,62.75,warm,False,57.7763,102799
egypt,B-GD28.jpg,images_egypt/B-GD28.jpg,2,#1C3F52,28,63,82,201.11,cyan-blue,65.85,32.16,21.57,cool,False,23.0467,41006
egypt,B-GD28.jpg,images_egypt/B-GD28.jpg,3,#AD3430,173,52,48,1.92,red,72.25,67.84,43.33,warm,False,9.4112,16745
egypt,B-GD28.jpg,images_egypt/B-GD28.jpg,4,#3F7448,63,116,72,130.19,green,45.69,45.49,35.1,cool,False,6.9518,12369
egypt,B-GD28.jpg,images_egypt/B-GD28.jpg,5,#4D4314,77,67,20,49.47,yellow,74.03,30.2,19.02,warm,False,1.8362,3267
egypt,B-GD28.jpg,images_egypt/B-GD28.jpg,6,#AB6137,171,97,55,21.72,orange,67.84,67.06,44.31,warm,False,0.9779,1740
egypt,B-GD29.jpg,images_egypt/B-GD29.jpg,1,#EEDDD5,238,221,213,19.2,orange,10.5,93.33,88.43,neutral,True,44.4941,88674
egypt,B-GD29.jpg,images_egypt/B-GD29.jpg,2,#E37482,227,116,130,352.43,red,48.9,89.02,67.25,warm,False,29.9703,59729
egypt,B-GD29.jpg,images_egypt/B-GD29.jpg,3,#443643,68,54,67,304.29,purple,20.59,26.67,23.92,cool,False,13.5122,26929
egypt,B-GD29.jpg,images_egypt/B-GD29.jpg,4,#8CB5D7,140,181,215,207.2,cyan-blue,34.88,84.31,69.61,cool,False,9.624,19180
egypt,B-GD29.jpg,images_egypt/B-GD29.jpg,5,#FCDC7C,252,220,124,45.0,yellow,50.79,98.82,73.73,warm,False,2.3995,4782
egypt,B-GD3.jpeg,images_egypt/B-GD3.jpeg,1,#EFE5C8,239,229,200,44.62,orange,16.32,93.73,86.08,warm,False,76.1394,151452
egypt,B-GD3.jpeg,images_egypt/B-GD3.jpeg,2,#B65F2A,182,95,42,22.71,orange,76.92,71.37,43.92,warm,False,10.138,20166
egypt,B-GD3.jpeg,images_egypt/B-GD3.jpeg,3,#554E33,85,78,51,47.65,yellow,40.0,33.33,26.67,warm,False,8.4428,16794
egypt,B-GD3.jpeg,images_egypt/B-GD3.jpeg,4,#909B5A,144,155,90,70.15,yellow,41.94,60.78,48.04,warm,False,2.1014,4180
egypt,B-GD3.jpeg,images_egypt/B-GD3.jpeg,5,#4D7B32,77,123,50,97.81,yellow-green,59.35,48.24,33.92,cool,False,1.9043,3788
egypt,B-GD3.jpeg,images_egypt/B-GD3.jpeg,6,#A193A8,161,147,168,280.0,blue-purple,12.5,65.88,61.76,cool,False,1.2739,2534
egypt,B-GD30.webp,images_egypt/B-GD30.webp,1,#C42F3D,196,47,61,354.36,red,76.02,76.86,47.65,warm,False,56.0976,111821
egypt,B-GD30.webp,images_egypt/B-GD30.webp,2,#244043,36,64,67,185.81,cyan,46.27,26.27,20.2,cool,False,23.4176,46679
egypt,B-GD30.webp,images_egypt/B-GD30.webp,3,#B4CAC3,180,202,195,160.91,green-cyan,10.89,79.22,74.9,neutral,True,19.2838,38439
egypt,B-GD30.webp,images_egypt/B-GD30.webp,4,#321E25,50,30,37,339.0,magenta,40.0,19.61,15.69,warm,False,1.201,2394
egypt,B-GD31.jpg,images_egypt/B-GD31.jpg,1,#CEB18F,206,177,143,32.38,orange,30.58,80.78,68.43,warm,False,49.5081,98840
egypt,B-GD31.jpg,images_egypt/B-GD31.jpg,2,#CD291E,205,41,30,3.77,red,85.37,80.39,46.08,warm,False,32.2514,64388
egypt,B-GD31.jpg,images_egypt/B-GD31.jpg,3,#311C14,49,28,20,16.55,orange,59.18,19.22,13.53,warm,False,18.2405,36416
egypt,B-GD32.jpg,images_egypt/B-GD32.jpg,1,#327462,50,116,98,163.64,green-cyan,56.9,45.49,32.55,cool,False,50.5483,100810
egypt,B-GD32.jpg,images_egypt/B-GD32.jpg,2,#F1EAC6,241,234,198,50.23,yellow,17.84,94.51,86.08,warm,False,21.3074,42494
egypt,B-GD32.jpg,images_egypt/B-GD32.jpg,3,#8B5B3F,139,91,63,22.11,orange,54.68,54.51,39.61,warm,False,16.418,32743
egypt,B-GD32.jpg,images_egypt/B-GD32.jpg,4,#16211A,22,33,26,141.82,green-cyan,33.33,12.94,10.78,cool,False,9.699,19343
egypt,B-GD32.jpg,images_egypt/B-GD32.jpg,5,#8EAF96,142,175,150,134.55,green,18.86,68.63,62.16,cool,False,2.0272,4043
egypt,B-GD33.jpeg,images_egypt/B-GD33.jpeg,1,#E2E1DB,226,225,219,51.43,yellow,3.1,88.63,87.25,neutral,True,58.5758,115614
egypt,B-GD33.jpeg,images_egypt/B-GD33.jpeg,2,#E1403F,225,64,63,0.37,red,72.0,88.24,56.47,warm,False,17.5802,34699
egypt,B-GD33.jpeg,images_egypt/B-GD33.jpeg,3,#666A53,102,106,83,70.43,yellow,21.7,41.57,37.06,warm,False,7.54,14882
egypt,B-GD33.jpeg,images_egypt/B-GD33.jpeg,4,#1E1E1F,30,30,31,240.0,blue,3.23,12.16,11.96,neutral,True,6.7329,13289
egypt,B-GD33.jpeg,images_egypt/B-GD33.jpeg,5,#9EB1BF,158,177,191,205.45,cyan-blue,17.28,74.9,68.43,cool,False,5.3006,10462
egypt,B-GD33.jpeg,images_egypt/B-GD33.jpeg,6,#DDA149,221,161,73,35.68,orange,66.97,86.67,57.65,warm,False,4.2706,8429
egypt,B-GD34.jpeg,images_egypt/B-GD34.jpeg,1,#8A3D1E,138,61,30,17.22,orange,78.26,54.12,32.94,warm,False,71.3909,92070
egypt,B-GD34.jpeg,images_egypt/B-GD34.jpeg,2,#BB9B70,187,155,112,34.4,orange,40.11,73.33,58.63,warm,False,26.6,34305
egypt,B-GD34.jpeg,images_egypt/B-GD34.jpeg,3,#1B1406,27,20,6,40.0,orange,77.78,10.59,6.47,warm,False,2.0091,2591
egypt,B-GD35.jpeg,images_egypt/B-GD35.jpeg,1,#ECD0C8,236,208,200,13.33,red,15.25,92.55,85.49,warm,False,84.895,169340
egypt,B-GD35.jpeg,images_egypt/B-GD35.jpeg,2,#DC4D41,220,77,65,4.65,red,70.45,86.27,55.88,warm,False,12.9704,25872
egypt,B-GD35.jpeg,images_egypt/B-GD35.jpeg,3,#514640,81,70,64,21.18,orange,20.99,31.76,28.43,warm,False,2.1347,4258
egypt,B-GD36.jpeg,images_egypt/B-GD36.jpeg,1,#A16452,161,100,82,13.67,red,49.07,63.14,47.65,warm,False,45.7225,90590
egypt,B-GD36.jpeg,images_egypt/B-GD36.jpeg,2,#F6EAD9,246,234,217,35.17,orange,11.79,96.47,90.78,neutral,True,42.9617,85120
egypt,B-GD36.jpeg,images_egypt/B-GD36.jpeg,3,#67896A,103,137,106,125.29,green,24.82,53.73,47.06,cool,False,11.3158,22420
egypt,B-GD37.jpeg,images_egypt/B-GD37.jpeg,1,#F3EFEB,243,239,235,30.0,orange,3.29,95.29,93.73,neutral,True,29.1331,57468
egypt,B-GD37.jpeg,images_egypt/B-GD37.jpeg,2,#7996BD,121,150,189,214.41,cyan-blue,35.98,74.12,60.78,cool,False,20.8441,41117
egypt,B-GD37.jpeg,images_egypt/B-GD37.jpeg,3,#F4BB30,244,187,48,42.55,orange,80.33,95.69,57.25,warm,False,14.7339,29064
egypt,B-GD37.jpeg,images_egypt/B-GD37.jpeg,4,#C92B23,201,43,35,2.89,red,82.59,78.82,46.27,warm,False,12.4202,24500
egypt,B-GD37.jpeg,images_egypt/B-GD37.jpeg,5,#69703C,105,112,60,68.08,yellow,46.43,43.92,33.73,warm,False,8.1055,15989
egypt,B-GD37.jpeg,images_egypt/B-GD37.jpeg,6,#2E2D28,46,45,40,50.0,yellow,13.04,18.04,16.86,warm,False,7.8617,15508
egypt,B-GD37.jpeg,images_egypt/B-GD37.jpeg,7,#E29A69,226,154,105,24.3,orange,53.54,88.63,64.9,warm,False,5.4451,10741
egypt,B-GD37.jpeg,images_egypt/B-GD37.jpeg,8,#5F3823,95,56,35,21.0,orange,63.16,37.25,25.49,warm,False,1.4565,2873
egypt,B-GD38.jpeg,images_egypt/B-GD38.jpeg,1,#CAF4F4,202,244,244,180.0,cyan,17.21,95.69,87.45,cool,False,83.1759,165619
egypt,B-GD38.jpeg,images_egypt/B-GD38.jpeg,2,#E09B5F,224,155,95,27.91,orange,57.59,87.84,62.55,warm,False,8.2915,16510
egypt,B-GD38.jpeg,images_egypt/B-GD38.jpeg,3,#515B57,81,91,87,156.0,green-cyan,10.99,35.69,33.73,neutral,True,3.751,7469
egypt,B-GD38.jpeg,images_egypt/B-GD38.jpeg,4,#F2C829,242,200,41,47.46,yellow,83.06,94.9,55.49,warm,False,3.3975,6765
egypt,B-GD38.jpeg,images_egypt/B-GD38.jpeg,5,#98ABA5,152,171,165,161.05,green-cyan,11.11,67.06,63.33,neutral,True,1.3841,2756
egypt,B-GD39.jpeg,images_egypt/B-GD39.jpeg,1,#B48F73,180,143,115,25.85,orange,36.11,70.59,57.84,warm,False,35.904,71576
egypt,B-GD39.jpeg,images_egypt/B-GD39.jpeg,2,#BD4838,189,72,56,7.22,red,70.37,74.12,48.04,warm,False,32.0616,63916
egypt,B-GD39.jpeg,images_egypt/B-GD39.jpeg,3,#553D3B,85,61,59,4.62,red,30.59,33.33,28.24,warm,False,32.0345,63862
egypt,B-GD4.jpeg,images_egypt/B-GD4.jpeg,1,#A3AC5B,163,172,91,66.67,yellow,47.09,67.45,51.57,warm,False,55.3688,110134
egypt,B-GD4.jpeg,images_egypt/B-GD4.jpeg,2,#D8B581,216,181,129,35.86,orange,40.28,84.71,67.65,warm,False,19.4792,38746
egypt,B-GD4.jpeg,images_egypt/B-GD4.jpeg,3,#2C261F,44,38,31,32.31,orange,29.55,17.25,14.71,warm,False,11.9542,23778
egypt,B-GD4.jpeg,images_egypt/B-GD4.jpeg,4,#E5C922,229,201,34,51.38,yellow,85.15,89.8,51.57,warm,False,7.1605,14243
egypt,B-GD4.jpeg,images_egypt/B-GD4.jpeg,5,#A83336,168,51,54,358.46,red,69.64,65.88,42.94,warm,False,6.0374,12009
egypt,B-GD40.jpeg,images_egypt/B-GD40.jpeg,1,#D4C1AE,212,193,174,30.0,orange,17.92,83.14,75.69,warm,False,76.9907,153427
egypt,B-GD40.jpeg,images_egypt/B-GD40.jpeg,2,#4A4342,74,67,66,7.5,red,10.81,29.02,27.45,neutral,True,17.2907,34457
egypt,B-GD40.jpeg,images_egypt/B-GD40.jpeg,3,#B94747,185,71,71,0.0,red,61.62,72.55,50.2,warm,False,5.7186,11396
egypt,B-GD41.jpeg,images_egypt/B-GD41.jpeg,1,#D5AF87,213,175,135,30.77,orange,36.62,83.53,68.24,warm,False,74.6214,148907
egypt,B-GD41.jpeg,images_egypt/B-GD41.jpeg,2,#443C3C,68,60,60,0.0,red,11.76,26.67,25.1,neutral,True,14.011,27959
egypt,B-GD41.jpeg,images_egypt/B-GD41.jpeg,3,#BC4C4C,188,76,76,0.0,red,59.57,73.73,51.76,warm,False,9.0499,18059
egypt,B-GD41.jpeg,images_egypt/B-GD41.jpeg,4,#69888F,105,136,143,191.05,cyan,26.57,56.08,48.63,cool,False,2.3177,4625
egypt,B-GD42.jpeg,images_egypt/B-GD42.jpeg,1,#DAD4A5,218,212,165,53.21,yellow,24.31,85.49,75.1,warm,False,39.7166,79208
egypt,B-GD42.jpeg,images_egypt/B-GD42.jpeg,2,#86A07A,134,160,122,101.05,yellow-green,23.75,62.75,55.29,cool,False,29.0263,57888
egypt,B-GD42.jpeg,images_egypt/B-GD42.jpeg,3,#96664D,150,102,77,20.55,orange,48.67,58.82,44.51,warm,False,18.9933,37879
egypt,B-GD42.jpeg,images_egypt/B-GD42.jpeg,4,#242028,36,32,40,270.0,blue-purple,20.0,15.69,14.12,cool,False,12.2638,24458
egypt,B-GD43.jpeg,images_egypt/B-GD43.jpeg,1,#BE8C85,190,140,133,7.37,red,30.0,74.51,63.33,warm,False,92.5389,184393
egypt,B-GD43.jpeg,images_egypt/B-GD43.jpeg,2,#67796F,103,121,111,146.67,green-cyan,14.88,47.45,43.92,cool,False,7.4611,14867
egypt,B-GD5.jpeg,images_egypt/B-GD5.jpeg,1,#FBFCF6,251,252,246,70.0,yellow,2.38,98.82,97.65,neutral,True,67.9484,135576
egypt,B-GD5.jpeg,images_egypt/B-GD5.jpeg,2,#28A8A4,40,168,164,178.12,cyan,76.19,65.88,40.78,cool,False,19.1848,38279
egypt,B-GD5.jpeg,images_egypt/B-GD5.jpeg,3,#E1916D,225,145,109,18.62,orange,51.56,88.24,65.49,warm,False,8.1868,16335
egypt,B-GD5.jpeg,images_egypt/B-GD5.jpeg,4,#43423E,67,66,62,48.0,yellow,7.46,26.27,25.29,neutral,True,2.1426,4275
egypt,B-GD5.jpeg,images_egypt/B-GD5.jpeg,5,#A6A9A3,166,169,163,90.0,yellow-green,3.55,66.27,65.1,neutral,True,1.5847,3162
egypt,B-GD5.jpeg,images_egypt/B-GD5.jpeg,6,#A0D2D4,160,210,212,182.31,cyan,24.53,83.14,72.94,cool,False,0.9527,1901
egypt,B-GD6.jpeg,images_egypt/B-GD6.jpeg,1,#C5B2A0,197,178,160,29.19,orange,18.78,77.25,70.0,warm,False,73.7194,146869
egypt,B-GD6.jpeg,images_egypt/B-GD6.jpeg,2,#3C373B,60,55,59,312.0,purple,8.33,23.53,22.55,neutral,True,10.2812,20483
egypt,B-GD6.jpeg,images_egypt/B-GD6.jpeg,3,#687175,104,113,117,198.46,cyan-blue,11.11,45.88,43.33,neutral,True,8.9079,17747
egypt,B-GD6.jpeg,images_egypt/B-GD6.jpeg,4,#A1585E,161,88,94,355.07,red,45.34,63.14,48.82,warm,False,7.0914,14128
egypt,B-GD7.jpeg,images_egypt/B-GD7.jpeg,1,#EDEBE2,237,235,226,49.09,yellow,4.64,92.94,90.78,neutral,True,38.9301,77687
egypt,B-GD7.jpeg,images_egypt/B-GD7.jpeg,2,#AB282E,171,40,46,357.25,red,76.61,67.06,41.37,warm,False,21.5304,42965
egypt,B-GD7.jpeg,images_egypt/B-GD7.jpeg,3,#3F2A18,63,42,24,27.69,orange,61.9,24.71,17.06,warm,False,18.3899,36698
egypt,B-GD7.jpeg,images_egypt/B-GD7.jpeg,4,#AE836D,174,131,109,20.31,orange,37.36,68.24,55.49,warm,False,14.0067,27951
egypt,B-GD7.jpeg,images_egypt/B-GD7.jpeg,5,#206588,32,101,136,200.19,cyan-blue,76.47,53.33,32.94,cool,False,4.9034,9785
egypt,B-GD7.jpeg,images_egypt/B-GD7.jpeg,6,#6B929A,107,146,154,190.21,cyan,30.52,60.39,51.18,cool,False,1.6051,3203
egypt,B-GD7.jpeg,images_egypt/B-GD7.jpeg,7,#343E3B,52,62,59,162.0,green-cyan,16.13,24.31,22.35,cool,False,0.6344,1266
egypt,B-GD9.jpeg,images_egypt/B-GD9.jpeg,1,#CF7C77,207,124,119,3.41,red,42.51,81.18,63.92,warm,False,47.2281,94246
egypt,B-GD9.jpeg,images_egypt/B-GD9.jpeg,2,#ECCC08,236,204,8,51.58,yellow,96.61,92.55,47.84,warm,False,28.9003,57672
egypt,B-GD9.jpeg,images_egypt/B-GD9.jpeg,3,#E3CBAE,227,203,174,32.83,orange,23.35,89.02,78.63,warm,False,14.6857,29306
egypt,B-GD9.jpeg,images_egypt/B-GD9.jpeg,4,#563348,86,51,72,324.0,magenta,40.7,33.73,26.86,cool,False,5.5143,11004
egypt,B-GD9.jpeg,images_egypt/B-GD9.jpeg,5,#B2BB7B,178,187,123,68.44,yellow,34.22,73.33,60.78,warm,False,3.6717,7327
finland,E-GD1.jpeg,images_finland/E-GD1.jpeg,1,#DAD9D6,218,217,214,45.0,yellow,1.83,85.49,84.71,neutral,True,72.0675,142765
finland,E-GD1.jpeg,images_finland/E-GD1.jpeg,2,#161826,22,24,38,232.5,blue,42.11,14.9,11.76,cool,False,13.3428,26432
finland,E-GD1.jpeg,images_finland/E-GD1.jpeg,3,#A91F18,169,31,24,2.9,red,85.8,66.27,37.84,warm,False,9.4342,18689
finland,E-GD1.jpeg,images_finland/E-GD1.jpeg,4,#DBA173,219,161,115,26.54,orange,47.49,85.88,65.49,warm,False,2.7713,5490
finland,E-GD1.jpeg,images_finland/E-GD1.jpeg,5,#4F6A7F,79,106,127,206.25,cyan-blue,37.8,49.8,40.39,cool,False,1.7633,3493
finland,E-GD1.jpeg,images_finland/E-GD1.jpeg,6,#686467,104,100,103,315.0,purple,3.85,40.78,40.0,neutral,True,0.6209,1230
finland,E-GD10.jpeg,images_finland/E-GD10.jpeg,1,#DBC6A5,219,198,165,36.67,orange,24.66,85.88,75.29,warm,False,79.7268,159055
finland,E-GD10.jpeg,images_finland/E-GD10.jpeg,2,#4B4037,75,64,55,27.0,orange,26.67,29.41,25.49,warm,False,10.7704,21487
finland,E-GD10.jpeg,images_finland/E-GD10.jpeg,3,#BD503A,189,80,58,10.08,red,69.31,74.12,48.43,warm,False,9.5028,18958
finland,E-GD11.jpeg,images_finland/E-GD11.jpeg,1,#BD8F3F,189,143,63,38.1,orange,66.67,74.12,49.41,warm,False,36.0042,71661
finland,E-GD11.jpeg,images_finland/E-GD11.jpeg,2,#3868D3,56,104,211,221.42,cyan-blue,73.46,82.75,52.35,cool,False,35.6073,70871
finland,E-GD11.jpeg,images_finland/E-GD11.jpeg,3,#DBDBD6,219,219,214,60.0,yellow,2.28,85.88,84.9,neutral,True,19.0419,37900
finland,E-GD11.jpeg,images_finland/E-GD11.jpeg,4,#1B1821,27,24,33,260.0,blue-purple,27.27,12.94,11.18,cool,False,6.2798,12499
finland,E-GD11.jpeg,images_finland/E-GD11.jpeg,5,#98B3DE,152,179,222,216.86,cyan-blue,31.53,87.06,73.33,cool,False,2.08,4140
finland,E-GD11.jpeg,images_finland/E-GD11.jpeg,6,#8B3923,139,57,35,12.69,red,74.82,54.51,34.12,warm,False,0.9868,1964
finland,E-GD12.jpeg,images_finland/E-GD12.jpeg,1,#CDBBA5,205,187,165,33.0,orange,19.51,80.39,72.55,warm,False,62.1274,123846
finland,E-GD12.jpeg,images_finland/E-GD12.jpeg,2,#748171,116,129,113,108.75,green,12.4,50.59,47.45,cool,False,29.9987,59800
finland,E-GD12.jpeg,images_finland/E-GD12.jpeg,3,#313534,49,53,52,165.0,green-cyan,7.55,20.78,20.0,neutral,True,4.3709,8713
finland,E-GD12.jpeg,images_finland/E-GD12.jpeg,4,#8CA04A,140,160,74,73.95,yellow,53.75,62.75,45.88,warm,False,1.9188,3825
finland,E-GD12.jpeg,images_finland/E-GD12.jpeg,5,#744577,116,69,119,296.4,purple,42.02,46.67,36.86,cool,False,0.8147,1624
finland,E-GD12.jpeg,images_finland/E-GD12.jpeg,6,#A64041,166,64,65,359.41,red,61.45,65.1,45.1,warm,False,0.7695,1534
finland,E-GD13.jpeg,images_finland/E-GD13.jpeg,1,#CDD1C8,205,209,200,86.67,yellow-green,4.31,81.96,80.2,neutral,True,51.1643,101712
finland,E-GD13.jpeg,images_finland/E-GD13.jpeg,2,#629BAB,98,155,171,193.15,cyan,42.69,67.06,52.75,cool,False,35.9214,71410
finland,E-GD13.jpeg,images_finland/E-GD13.jpeg,3,#C35049,195,80,73,3.44,red,62.56,76.47,52.55,warm,False,10.6416,21155
finland,E-GD13.jpeg,images_finland/E-GD13.jpeg,4,#DFA263,223,162,99,30.48,orange,55.61,87.45,63.14,warm,False,2.2727,4518
finland,E-GD14.jpeg,images_finland/E-GD14.jpeg,1,#376A70,55,106,112,186.32,cyan,50.89,43.92,32.75,cool,False,34.5805,68697
finland,E-GD14.jpeg,images_finland/E-GD14.jpeg,2,#C0AD7C,192,173,124,43.24,orange,35.42,75.29,61.96,warm,False,30.1407,59877
finland,E-GD14.jpeg,images_finland/E-GD14.jpeg,3,#0F070B,15,7,11,330.0,magenta,53.33,5.88,4.31,warm,False,22.6606,45017
finland,E-GD14.jpeg,images_finland/E-GD14.jpeg,4,#BF380C,191,56,12,14.75,red,93.72,74.9,39.8,warm,False,12.6182,25067
finland,E-GD15.jpeg,images_finland/E-GD15.jpeg,1,#E8E2CD,232,226,205,46.67,yellow,11.64,90.98,85.69,neutral,True,82.4007,164607
finland,E-GD15.jpeg,images_finland/E-GD15.jpeg,2,#B65D3F,182,93,63,15.13,orange,65.38,71.37,48.04,warm,False,12.4922,24955
finland,E-GD15.jpeg,images_finland/E-GD15.jpeg,3,#718480,113,132,128,167.37,cyan,14.39,51.76,48.04,cool,False,5.107,10202
finland,E-GD16.jpeg,images_finland/E-GD16.jpeg,1,#412820,65,40,32,14.55,red,50.77,25.49,19.02,warm,False,77.126,153824
finland,E-GD16.jpeg,images_finland/E-GD16.jpeg,2,#C2C3C0,194,195,192,80.0,yellow-green,1.54,76.47,75.88,neutral,True,21.625,43130
finland,E-GD16.jpeg,images_finland/E-GD16.jpeg,3,#3B5C71,59,92,113,203.33,cyan-blue,47.79,44.31,33.73,cool,False,1.249,2491
finland,E-GD17.jpeg,images_finland/E-GD17.jpeg,1,#393E56,57,62,86,229.66,blue,33.72,33.73,28.04,cool,False,53.5677,106897
finland,E-GD17.jpeg,images_finland/E-GD17.jpeg,2,#DCD6BC,220,214,188,48.75,yellow,14.55,86.27,80.0,warm,False,28.979,57829
finland,E-GD17.jpeg,images_finland/E-GD17.jpeg,3,#7190D9,113,144,217,222.12,cyan-blue,47.93,85.1,64.71,cool,False,6.7615,13493
finland,E-GD17.jpeg,images_finland/E-GD17.jpeg,4,#F1DA35,241,218,53,52.66,yellow,78.01,94.51,57.65,warm,False,6.4639,12899
finland,E-GD17.jpeg,images_finland/E-GD17.jpeg,5,#D65031,214,80,49,11.27,red,77.1,83.92,51.57,warm,False,2.5702,5129
finland,E-GD17.jpeg,images_finland/E-GD17.jpeg,6,#B28974,178,137,116,20.32,orange,34.83,69.8,57.65,warm,False,1.6577,3308
finland,E-GD18.jpeg,images_finland/E-GD18.jpeg,1,#404C45,64,76,69,145.0,green-cyan,15.79,29.8,27.45,cool,False,43.272,85567
finland,E-GD18.jpeg,images_finland/E-GD18.jpeg,2,#D7C590,215,197,144,44.79,orange,33.02,84.31,70.39,warm,False,40.9372,80950
finland,E-GD18.jpeg,images_finland/E-GD18.jpeg,3,#155580,21,85,128,204.11,cyan-blue,83.59,50.2,29.22,cool,False,9.7971,19373
finland,E-GD18.jpeg,images_finland/E-GD18.jpeg,4,#84896C,132,137,108,70.34,yellow,21.17,53.73,48.04,warm,False,5.1638,10211
finland,E-GD18.jpeg,images_finland/E-GD18.jpeg,5,#A62A1F,166,42,31,4.89,red,81.33,65.1,38.63,warm,False,0.8299,1641
finland,E-GD19.jpeg,images_finland/E-GD19.jpeg,1,#749098,116,144,152,193.33,cyan,23.68,59.61,52.55,cool,False,44.831,89367
finland,E-GD19.jpeg,images_finland/E-GD19.jpeg,2,#E9EBE6,233,235,230,84.0,yellow-green,2.13,92.16,91.18,neutral,True,30.7356,61269
finland,E-GD19.jpeg,images_finland/E-GD19.jpeg,3,#9E7243,158,114,67,30.99,orange,57.59,61.96,44.12,warm,False,23.8555,47554
finland,E-GD19.jpeg,images_finland/E-GD19.jpeg,4,#18110D,24,17,13,21.82,orange,45.83,9.41,7.25,warm,False,0.5779,1152
finland,E-GD2.jpeg,images_finland/E-GD2.jpeg,1,#CCC1AC,204,193,172,39.37,orange,15.69,80.0,73.73,warm,False,82.7165,164571
finland,E-GD2.jpeg,images_finland/E-GD2.jpeg,2,#44475B,68,71,91,232.17,blue,25.27,35.69,31.18,cool,False,12.5519,24973
finland,E-GD2.jpeg,images_finland/E-GD2.jpeg,3,#C74732,199,71,50,8.46,red,74.87,78.04,48.82,warm,False,4.7317,9414
finland,E-GD20.jpeg,images_finland/E-GD20.jpeg,1,#E8D6CC,232,214,204,21.43,orange,12.07,90.98,85.49,warm,False,54.4263,108587
finland,E-GD20.jpeg,images_finland/E-GD20.jpeg,2,#406A89,64,106,137,205.48,cyan-blue,53.28,53.73,39.41,cool,False,27.0054,53879
finland,E-GD20.jpeg,images_finland/E-GD20.jpeg,3,#D45F59,212,95,89,2.93,red,58.02,83.14,59.02,warm,False,12.8945,25726
finland,E-GD20.jpeg,images_finland/E-GD20.jpeg,4,#8F929D,143,146,157,227.14,blue,8.92,61.57,58.82,neutral,True,5.6738,11320
finland,E-GD21.jpeg,images_finland/E-GD21.jpeg,1,#448B9A,68,139,154,190.47,cyan,55.84,60.39,43.53,cool,False,54.0177,107849
finland,E-GD21.jpeg,images_finland/E-GD21.jpeg,2,#E5E4D1,229,228,209,57.0,yellow,8.73,89.8,85.88,neutral,True,40.863,81585
finland,E-GD21.jpeg,images_finland/E-GD21.jpeg,3,#6A8E7F,106,142,127,155.0,green-cyan,25.35,55.69,48.63,cool,False,5.1193,10221
finland,E-GD22.jpeg,images_finland/E-GD22.jpeg,1,#438897,67,136,151,190.71,cyan,55.63,59.22,42.75,cool,False,57.2162,113514
finland,E-GD22.jpeg,images_finland/E-GD22.jpeg,2,#C1C2B7,193,194,183,65.45,yellow,5.67,76.08,73.92,neutral,True,19.2303,38152
finland,E-GD22.jpeg,images_finland/E-GD22.jpeg,3,#1A4480,26,68,128,215.29,cyan-blue,79.69,50.2,30.2,cool,False,13.7262,27232
finland,E-GD22.jpeg,images_finland/E-GD22.jpeg,4,#ECCB63,236,203,99,45.55,yellow,58.05,92.55,65.69,warm,False,3.8408,7620
finland,E-GD22.jpeg,images_finland/E-GD22.jpeg,5,#BD3750,189,55,80,348.81,red,70.9,74.12,47.84,warm,False,3.8176,7574
finland,E-GD22.jpeg,images_finland/E-GD22.jpeg,6,#485264,72,82,100,218.57,cyan-blue,28.0,39.22,33.73,cool,False,1.4935,2963
finland,E-GD22.jpeg,images_finland/E-GD22.jpeg,7,#DEA79D,222,167,157,9.23,red,29.28,87.06,74.31,warm,False,0.6754,1340
finland,E-GD23.jpeg,images_finland/E-GD23.jpeg,1,#1C5784,28,87,132,205.96,cyan-blue,78.79,51.76,31.37,cool,False,48.7129,97308
finland,E-GD23.jpeg,images_finland/E-GD23.jpeg,2,#9BB3B8,155,179,184,190.34,cyan,15.76,72.16,66.47,cool,False,34.0582,68034
finland,E-GD23.jpeg,images_finland/E-GD23.jpeg,3,#FBF6E7,251,246,231,45.0,yellow,7.97,98.43,94.51,neutral,True,16.6947,33349
finland,E-GD23.jpeg,images_finland/E-GD23.jpeg,4,#545B66,84,91,102,216.67,cyan-blue,17.65,40.0,36.47,cool,False,0.5341,1067
finland,E-GD24.jpeg,images_finland/E-GD24.jpeg,1,#4A54B1,74,84,177,234.17,blue,58.19,69.41,49.22,cool,False,54.6797,108666
finland,E-GD24.jpeg,images_finland/E-GD24.jpeg,2,#E4E2DE,228,226,222,40.0,orange,2.63,89.41,88.24,neutral,True,31.3679,62338
finland,E-GD24.jpeg,images_finland/E-GD24.jpeg,3,#D99881,217,152,129,15.68,orange,40.55,85.1,67.84,warm,False,10.5227,20912
finland,E-GD24.jpeg,images_finland/E-GD24.jpeg,4,#4F4047,79,64,71,332.0,magenta,18.99,30.98,28.04,warm,False,2.7459,5457
finland,E-GD24.jpeg,images_finland/E-GD24.jpeg,5,#9995A4,153,149,164,256.0,blue-purple,9.15,64.31,61.37,neutral,True,0.6838,1359
finland,E-GD25.jpeg,images_finland/E-GD25.jpeg,1,#AE9F9A,174,159,154,15.0,orange,11.49,68.24,64.31,neutral,True,48.2103,96114
finland,E-GD25.jpeg,images_finland/E-GD25.jpeg,2,#FBFAF7,251,250,247,45.0,yellow,1.59,98.43,97.65,neutral,True,27.7287,55281
finland,E-GD25.jpeg,images_finland/E-GD25.jpeg,3,#443B2B,68,59,43,38.4,orange,36.76,26.67,21.76,warm,False,24.061,47969
finland,E-GD26.jpeg,images_finland/E-GD26.jpeg,1,#6389C2,99,137,194,216.0,cyan-blue,48.97,76.08,57.45,cool,False,40.2966,80303
finland,E-GD26.jpeg,images_finland/E-GD26.jpeg,2,#9F5628,159,86,40,23.19,orange,74.84,62.35,39.02,warm,False,19.3893,38639
finland,E-GD26.jpeg,images_finland/E-GD26.jpeg,3,#736C75,115,108,117,286.67,purple,7.69,45.88,44.12,neutral,True,18.9437,37751
finland,E-GD26.jpeg,images_finland/E-GD26.jpeg,4,#DCDBCF,220,219,207,55.38,yellow,5.91,86.27,83.73,neutral,True,17.1442,34165
finland,E-GD26.jpeg,images_finland/E-GD26.jpeg,5,#C1190F,193,25,15,3.37,red,92.23,75.69,40.78,warm,False,2.4323,4847
finland,E-GD26.jpeg,images_finland/E-GD26.jpeg,6,#967660,150,118,96,24.44,orange,36.0,58.82,48.24,warm,False,1.794,3575
finland,E-GD27.jpeg,images_finland/E-GD27.jpeg,1,#58413C,88,65,60,10.71,red,31.82,34.51,29.02,warm,False,50.336,100448
finland,E-GD27.jpeg,images_finland/E-GD27.jpeg,2,#C2B6AB,194,182,171,28.7,orange,11.86,76.08,71.57,neutral,True,45.2201,90239
finland,E-GD27.jpeg,images_finland/E-GD27.jpeg,3,#BE4725,190,71,37,13.33,red,80.53,74.51,44.51,warm,False,4.4439,8868
finland,E-GD28.jpeg,images_finland/E-GD28.jpeg,1,#192425,25,36,37,185.0,cyan,32.43,14.51,12.16,cool,False,59.2674,115853
finland,E-GD28.jpeg,images_finland/E-GD28.jpeg,2,#FDF9DA,253,249,218,53.14,yellow,13.83,99.22,92.35,warm,False,21.1439,41331
finland,E-GD28.jpeg,images_finland/E-GD28.jpeg,3,#E0340C,224,52,12,11.32,red,94.64,87.84,46.27,warm,False,11.0408,21582
finland,E-GD28.jpeg,images_finland/E-GD28.jpeg,4,#FEDB3B,254,219,59,49.23,yellow,76.77,99.61,61.37,warm,False,2.5118,4910
finland,E-GD28.jpeg,images_finland/E-GD28.jpeg,5,#A1BAC1,161,186,193,193.12,cyan,16.58,75.69,69.41,cool,False,2.3844,4661
finland,E-GD28.jpeg,images_finland/E-GD28.jpeg,6,#64756E,100,117,110,155.29,green-cyan,14.53,45.88,42.55,cool,False,1.9568,3825
finland,E-GD28.jpeg,images_finland/E-GD28.jpeg,7,#552113,85,33,19,12.73,red,77.65,33.33,20.39,warm,False,1.6948,3313
finland,E-GD29.jpeg,images_finland/E-GD29.jpeg,1,#923B31,146,59,49,6.19,red,66.44,57.25,38.24,warm,False,39.182,77819
finland,E-GD29.jpeg,images_finland/E-GD29.jpeg,2,#E6E2D7,230,226,215,44.0,orange,6.52,90.2,87.25,neutral,True,36.5764,72644
finland,E-GD29.jpeg,images_finland/E-GD29.jpeg,3,#D7A25A,215,162,90,34.56,orange,58.14,84.31,59.8,warm,False,10.354,20564
finland,E-GD29.jpeg,images_finland/E-GD29.jpeg,4,#261E20,38,30,32,345.0,red,21.05,14.9,13.33,warm,False,7.9498,15789
finland,E-GD29.jpeg,images_finland/E-GD29.jpeg,5,#116CCB,17,108,203,210.65,cyan-blue,91.63,79.61,43.14,cool,False,5.2123,10352
finland,E-GD29.jpeg,images_finland/E-GD29.jpeg,6,#162D4A,22,45,74,213.46,cyan-blue,70.27,29.02,18.82,cool,False,0.7255,1441
finland,E-GD3.jpeg,images_finland/E-GD3.jpeg,1,#100E7C,16,14,124,241.09,blue,88.71,48.63,27.06,cool,False,57.374,86858
finland,E-GD3.jpeg,images_finland/E-GD3.jpeg,2,#F8F9F9,248,249,249,180.0,cyan,0.4,97.65,97.45,neutral,True,22.8365,34572
finland,E-GD3.jpeg,images_finland/E-GD3.jpeg,3,#EE3B17,238,59,23,10.05,red,90.34,93.33,51.18,warm,False,13.0617,19774
finland,E-GD3.jpeg,images_finland/E-GD3.jpeg,4,#849EC5,132,158,197,216.0,cyan-blue,32.99,77.25,64.51,cool,False,4.6516,7042
finland,E-GD3.jpeg,images_finland/E-GD3.jpeg,5,#420845,66,8,69,297.05,purple,88.41,27.06,15.1,cool,False,0.8323,1260
finland,E-GD3.jpeg,images_finland/E-GD3.jpeg,6,#C7ABAA,199,171,170,2.07,red,14.57,78.04,72.35,warm,False,0.7121,1078
finland,E-GD3.jpeg,images_finland/E-GD3.jpeg,7,#515184,81,81,132,240.0,blue,38.64,51.76,41.76,cool,False,0.5317,805
finland,E-GD30.jpeg,images_finland/E-GD30.jpeg,1,#C4C3B9,196,195,185,54.55,yellow,5.61,76.86,74.71,neutral,True,56.7223,87636
finland,E-GD30.jpeg,images_finland/E-GD30.jpeg,2,#4E5E62,78,94,98,192.0,cyan,20.41,38.43,34.51,cool,False,36.7256,56741
finland,E-GD30.jpeg,images_finland/E-GD30.jpeg,3,#814336,129,67,54,10.4,red,58.14,50.59,35.88,warm,False,5.9049,9123
finland,E-GD30.jpeg,images_finland/E-GD30.jpeg,4,#8B7C6B,139,124,107,31.88,orange,23.02,54.51,48.24,warm,False,0.6472,1000
finland,E-GD31.jpeg,images_finland/E-GD31.jpeg,1,#030302,3,3,2,60.0,yellow,33.33,1.18,0.98,warm,False,64.917,129464
finland,E-GD31.jpeg,images_finland/E-GD31.jpeg,2,#9FA095,159,160,149,65.45,yellow,6.87,62.75,60.59,neutral,True,18.8908,37674
finland,E-GD31.jpeg,images_finland/E-GD31.jpeg,3,#F1EBE4,241,235,228,32.31,orange,5.39,94.51,91.96,neutral,True,11.7605,23454
finland,E-GD31.jpeg,images_finland/E-GD31.jpeg,4,#454B3C,69,75,60,84.0,yellow-green,20.0,29.41,26.47,warm,False,4.4316,8838
finland,E-GD32.jpeg,images_finland/E-GD32.jpeg,1,#EBECE2,235,236,226,66.0,yellow,4.24,92.55,90.59,neutral,True,34.9136,68997
finland,E-GD32.jpeg,images_finland/E-GD32.jpeg,2,#5F9DA7,95,157,167,188.33,cyan,43.11,65.49,51.37,cool,False,31.8937,63029
finland,E-GD32.jpeg,images_finland/E-GD32.jpeg,3,#C2BE66,194,190,102,57.39,yellow,47.42,76.08,58.04,warm,False,18.0445,35660
finland,E-GD32.jpeg,images_finland/E-GD32.jpeg,4,#BA3737,186,55,55,0.0,red,70.43,72.94,47.25,warm,False,7.9192,15650
finland,E-GD32.jpeg,images_finland/E-GD32.jpeg,5,#729335,114,147,53,81.06,yellow-green,63.95,57.65,39.22,warm,False,3.6641,7241
finland,E-GD32.jpeg,images_finland/E-GD32.jpeg,6,#19191A,25,25,26,240.0,blue,3.85,10.2,10.0,neutral,True,3.5649,7045
finland,E-GD33.jpeg,images_finland/E-GD33.jpeg,1,#DADBC1,218,219,193,62.31,yellow,11.87,85.88,80.78,neutral,True,28.75,57337
finland,E-GD33.jpeg,images_finland/E-GD33.jpeg,2,#215E94,33,94,148,208.17,cyan-blue,77.7,58.04,35.49,cool,False,28.6397,57117
finland,E-GD33.jpeg,images_finland/E-GD33.jpeg,3,#BB753B,187,117,59,27.19,orange,68.45,73.33,48.24,warm,False,22.587,45046
finland,E-GD33.jpeg,images_finland/E-GD33.jpeg,4,#87A9B3,135,169,179,193.64,cyan,24.58,70.2,61.57,cool,False,11.3015,22539
finland,E-GD33.jpeg,images_finland/E-GD33.jpeg,5,#CA2917,202,41,23,6.03,red,88.61,79.22,44.12,warm,False,5.2213,10413
finland,E-GD33.jpeg,images_finland/E-GD33.jpeg,6,#F7E15B,247,225,91,51.54,yellow,63.16,96.86,66.27,warm,False,3.5004,6981
finland,E-GD34.jpeg,images_finland/E-GD34.jpeg,1,#F6FBFA,246,251,250,168.0,cyan,1.99,98.43,97.45,neutral,True,51.7045,102483
finland,E-GD34.jpeg,images_finland/E-GD34.jpeg,2,#5E4955,94,73,85,325.71,magenta,22.34,36.86,32.75,cool,False,15.8388,31394
finland,E-GD34.jpeg,images_finland/E-GD34.jpeg,3,#405786,64,87,134,220.29,cyan-blue,52.24,52.55,38.82,cool,False,13.12,26005
finland,E-GD34.jpeg,images_finland/E-GD34.jpeg,4,#D7BA88,215,186,136,37.97,orange,36.74,84.31,68.82,warm,False,11.0439,21890
finland,E-GD34.jpeg,images_finland/E-GD34.jpeg,5,#9FABBC,159,171,188,215.17,cyan-blue,15.43,73.73,68.04,cool,False,5.2904,10486
finland,E-GD34.jpeg,images_finland/E-GD34.jpeg,6,#C95867,201,88,103,352.04,red,56.22,78.82,56.67,warm,False,3.0024,5951
finland,E-GD35.jpeg,images_finland/E-GD35.jpeg,1,#E1CFA8,225,207,168,41.05,orange,25.33,88.24,77.06,warm,False,93.5426,186481
finland,E-GD35.jpeg,images_finland/E-GD35.jpeg,2,#E87659,232,118,89,12.17,red,61.64,90.98,62.94,warm,False,5.6222,11208
finland,E-GD35.jpeg,images_finland/E-GD35.jpeg,3,#88AB9C,136,171,156,154.29,green-cyan,20.47,67.06,60.2,cool,False,0.8352,1665
finland,E-GD36.jpeg,images_finland/E-GD36.jpeg,1,#B9D2D7,185,210,215,190.0,cyan,13.95,84.31,78.43,cool,False,56.2978,112345
finland,E-GD36.jpeg,images_finland/E-GD36.jpeg,2,#7B6455,123,100,85,23.68,orange,30.89,48.24,40.78,warm,False,30.8326,61528
finland,E-GD36.jpeg,images_finland/E-GD36.jpeg,3,#FAD74A,250,215,74,48.07,yellow,70.4,98.04,63.53,warm,False,12.8696,25682
finland,E-GD37.jpeg,images_finland/E-GD37.jpeg,1,#2A2066,42,32,102,248.57,blue,68.63,40.0,26.27,cool,False,34.6786,45206
finland,E-GD37.jpeg,images_finland/E-GD37.jpeg,2,#FBF3E0,251,243,224,42.22,orange,10.76,98.43,93.14,neutral,True,23.8361,31072
finland,E-GD37.jpeg,images_finland/E-GD37.jpeg,3,#B21318,178,19,24,358.11,red,89.33,69.8,38.63,warm,False,16.036,20904
finland,E-GD37.jpeg,images_finland/E-GD37.jpeg,4,#EE938A,238,147,138,5.4,red,42.02,93.33,73.73,warm,False,15.4882,20190
finland,E-GD37.jpeg,images_finland/E-GD37.jpeg,5,#2F0916,47,9,22,339.47,magenta,80.85,18.43,10.98,warm,False,6.1784,8054
finland,E-GD37.jpeg,images_finland/E-GD37.jpeg,6,#938BA1,147,139,161,261.82,blue-purple,13.66,63.14,58.82,cool,False,3.7827,4931
finland,E-GD38.jpeg,images_finland/E-GD38.jpeg,1,#DAD4C7,218,212,199,41.05,orange,8.72,85.49,81.76,neutral,True,37.6527,53660
finland,E-GD38.jpeg,images_finland/E-GD38.jpeg,2,#31344C,49,52,76,233.33,blue,35.53,29.8,24.51,cool,False,26.6439,37971
finland,E-GD38.jpeg,images_finland/E-GD38.jpeg,3,#BD1D0D,189,29,13,5.45,red,93.12,74.12,39.61,warm,False,23.6035,33638
finland,E-GD38.jpeg,images_finland/E-GD38.jpeg,4,#5E6266,94,98,102,210.0,cyan-blue,7.84,40.0,38.43,neutral,True,8.9711,12785
finland,E-GD38.jpeg,images_finland/E-GD38.jpeg,5,#E89240,232,146,64,29.29,orange,72.41,90.98,58.04,warm,False,1.9268,2746
finland,E-GD38.jpeg,images_finland/E-GD38.jpeg,6,#527D48,82,125,72,108.68,green,42.4,49.02,38.63,cool,False,1.202,1713
finland,E-GD4.jpeg,images_finland/E-GD4.jpeg,1,#176BD6,23,107,214,213.61,cyan-blue,89.25,83.92,46.47,cool,False,42.4314,84463
finland,E-GD4.jpeg,images_finland/E-GD4.jpeg,2,#CACA99,202,202,153,60.0,yellow,24.26,79.22,69.61,warm,False,39.4001,78429
finland,E-GD4.jpeg,images_finland/E-GD4.jpeg,3,#010103,1,1,3,240.0,blue,66.67,1.18,0.78,cool,False,8.287,16496
finland,E-GD4.jpeg,images_finland/E-GD4.jpeg,4,#C85321,200,83,33,17.96,orange,83.5,78.43,45.69,warm,False,3.5346,7036
finland,E-GD4.jpeg,images_finland/E-GD4.jpeg,5,#75B4A4,117,180,164,164.76,green-cyan,35.0,70.59,58.24,cool,False,2.9223,5817
finland,E-GD4.jpeg,images_finland/E-GD4.jpeg,6,#D8E92D,216,233,45,65.43,yellow,80.69,91.37,54.51,warm,False,2.7761,5526
finland,E-GD4.jpeg,images_finland/E-GD4.jpeg,7,#8B9875,139,152,117,82.29,yellow-green,23.03,59.61,52.75,warm,False,0.6486,1291
finland,E-GD5.jpeg,images_finland/E-GD5.jpeg,1,#183468,24,52,104,219.0,cyan-blue,76.92,40.78,25.1,cool,False,35.1464,69321
finland,E-GD5.jpeg,images_finland/E-GD5.jpeg,2,#94B6CE,148,182,206,204.83,cyan-blue,28.16,80.78,69.41,cool,False,25.7155,50720
finland,E-GD5.jpeg,images_finland/E-GD5.jpeg,3,#E2EFEA,226,239,234,156.92,green-cyan,5.44,93.73,91.18,neutral,True,21.878,43151
finland,E-GD5.jpeg,images_finland/E-GD5.jpeg,4,#F4C526,244,197,38,46.31,yellow,84.43,95.69,55.29,warm,False,6.616,13049
finland,E-GD5.jpeg,images_finland/E-GD5.jpeg,5,#201622,32,22,34,290.0,purple,35.29,13.33,10.98,cool,False,5.3611,10574
finland,E-GD5.jpeg,images_finland/E-GD5.jpeg,6,#D12E1D,209,46,29,5.67,red,86.12,81.96,46.67,warm,False,2.5427,5015
finland,E-GD5.jpeg,images_finland/E-GD5.jpeg,7,#634E44,99,78,68,19.35,orange,31.31,38.82,32.75,warm,False,2.1639,4268
finland,E-GD5.jpeg,images_finland/E-GD5.jpeg,8,#B7AF9C,183,175,156,42.22,orange,14.75,71.76,66.47,warm,False,0.5765,1137
finland,E-GD6.jpeg,images_finland/E-GD6.jpeg,1,#3A7BB2,58,123,178,207.5,cyan-blue,67.42,69.8,46.27,cool,False,67.4435,122936
finland,E-GD6.jpeg,images_finland/E-GD6.jpeg,2,#EDE4BF,237,228,191,48.26,yellow,19.41,92.94,83.92,warm,False,32.5565,59344
finland,E-GD7.jpeg,images_finland/E-GD7.jpeg,1,#CDCDCA,205,205,202,60.0,yellow,1.46,80.39,79.8,neutral,True,40.0056,79768
finland,E-GD7.jpeg,images_finland/E-GD7.jpeg,2,#375AB9,55,90,185,223.85,cyan-blue,70.27,72.55,47.06,cool,False,29.8718,59562
finland,E-GD7.jpeg,images_finland/E-GD7.jpeg,3,#A22415,162,36,21,6.38,red,87.04,63.53,35.88,warm,False,10.0144,19968
finland,E-GD7.jpeg,images_finland/E-GD7.jpeg,4,#BA956B,186,149,107,31.9,orange,42.47,72.94,57.45,warm,False,8.8379,17622
finland,E-GD7.jpeg,images_finland/E-GD7.jpeg,5,#3E3C43,62,60,67,257.14,blue-purple,10.45,26.27,24.9,neutral,True,6.1893,12341
finland,E-GD7.jpeg,images_finland/E-GD7.jpeg,6,#8596C0,133,150,192,222.71,cyan-blue,30.73,75.29,63.73,cool,False,2.8201,5623
finland,E-GD7.jpeg,images_finland/E-GD7.jpeg,7,#BED484,190,212,132,76.5,yellow-green,37.74,83.14,67.45,warm,False,2.2609,4508
finland,E-GD8.jpeg,images_finland/E-GD8.jpeg,1,#F0E6B8,240,230,184,49.29,yellow,23.33,94.12,83.14,warm,False,54.7775,108093
finland,E-GD8.jpeg,images_finland/E-GD8.jpeg,2,#594226,89,66,38,32.94,orange,57.3,34.9,24.9,warm,False,41.6914,82270
finland,E-GD8.jpeg,images_finland/E-GD8.jpeg,3,#2862B8,40,98,184,215.83,cyan-blue,78.26,72.16,43.92,cool,False,3.5311,6968
finland,E-GD9.jpeg,images_finland/E-GD9.jpeg,1,#184398,24,67,152,219.84,cyan-blue,84.21,59.61,34.51,cool,False,43.9066,86993
finland,E-GD9.jpeg,images_finland/E-GD9.jpeg,2,#DBD8CE,219,216,206,46.15,yellow,5.94,85.88,83.33,neutral,True,26.8084,53116
finland,E-GD9.jpeg,images_finland/E-GD9.jpeg,3,#E3BD46,227,189,70,45.48,yellow,69.16,89.02,58.24,warm,False,10.8766,21550
finland,E-GD9.jpeg,images_finland/E-GD9.jpeg,4,#BF1F15,191,31,21,3.53,red,89.01,74.9,41.57,warm,False,10.3638,20534
finland,E-GD9.jpeg,images_finland/E-GD9.jpeg,5,#1F1E1F,31,30,31,300.0,purple,3.23,12.16,11.96,neutral,True,4.6065,9127
finland,E-GD9.jpeg,images_finland/E-GD9.jpeg,6,#92A3BB,146,163,187,215.12,cyan-blue,21.93,73.33,65.29,cool,False,3.4381,6812
